"Tanggal","Terakhir","Pembukaan","Tertinggi","Terendah","Vol.","Perubahan%"
"25/09/2026","3.090","3.050","3.140","3.030","31,88M","1,31%"
"24/09/2026","3.050","3.050","3.050","2.990","11,21M","0,00%"
"23/09/2026","3.050","3.000","3.050","2.940","23,19M","1,33%"
"22/09/2026","3.010","3.070","3.070","2.990","22,64M","-2,27%"
"21/09/2026","3.080","3.090","3.100","3.030","15,40M","-0,32%"
"18/09/2026","3.090","3.140","3.150","3.080","35,04M","-1,59%"
"17/09/2026","3.140","3.010","3.140","2.990","49,39M","4,67%"
"16/09/2026","3.000","3.020","3.070","2.980","25,48M","-0,66%"
"15/09/2026","3.020","3.080","3.090","3.020","22,34M","-1,95%"
"14/09/2026","3.080","3.100","3.160","3.020","46,60M","-0,65%"
"11/09/2026","3.100","3.110","3.140","3.040","51,29M","0,00%"
"10/09/2026","3.100","3.080","3.200","3.050","81,08M","0,00%"
"09/09/2026","3.100","3.030","3.100","2.970","104,63M","3,33%"
"08/09/2026","3.000","3.010","3.030","2.970","67,13M","-0,33%"
"07/09/2026","3.010","2.900","3.040","2.900","92,57M","4,51%"
"04/09/2026","2.880","2.920","2.930","2.860","26,03M","-0,35%"
"03/09/2026","2.890","2.760","2.930","2.760","109,72M","6,25%"
"02/09/2026","2.720","2.700","2.830","2.700","93,83M","1,87%"
"01/09/2026","2.670","2.660","2.790","2.660","115,50M","4,30%"
"31/08/2026","2.560","2.550","2.590","2.540","30,23M","1,19%"
"28/08/2026","2.530","2.540","2.640","2.510","37,47M","1,20%"
"27/08/2026","2.500","2.410","2.510","2.400","23,81M","3,31%"
"26/08/2026","2.420","2.460","2.470","2.410","19,89M","-2,42%"
"24/08/2026","2.480","2.410","2.510","2.380","33,94M","3,33%"
"21/08/2026","2.400","2.400","2.410","2.380","8,31M","0,00%"
"20/08/2026","2.400","2.380","2.400","2.360","7,83M","1,27%"
"19/08/2026","2.370","2.380","2.390","2.350","9,06M","0,00%"
"18/08/2026","2.370","2.360","2.380","2.350","10,45M","0,42%"
"14/08/2026","2.360","2.340","2.370","2.320","10,35M","0,85%"
"13/08/2026","2.340","2.350","2.360","2.330","5,82M","-0,43%"
"12/08/2026","2.350","2.340","2.360","2.330","10,22M","0,00%"
"11/08/2026","2.350","2.390","2.390","2.330","9,43M","-1,67%"
"10/08/2026","2.390","2.380","2.400","2.370","10,34M","0,84%"
"07/08/2026","2.370","2.360","2.370","2.350","9,94M","0,85%"
"06/08/2026","2.350","2.360","2.370","2.350","9,34M","-0,42%"
"05/08/2026","2.360","2.370","2.370","2.340","13,69M","0,00%"
"04/08/2026","2.360","2.320","2.360","2.320","9,08M","1,72%"
"03/08/2026","2.320","2.340","2.340","2.310","14,50M","0,00%"
"31/07/2026","2.320","2.350","2.370","2.320","27,67M","-1,28%"
"30/07/2026","2.350","2.330","2.360","2.330","9,25M","0,86%"
"29/07/2026","2.330","2.330","2.350","2.320","10,04M","0,00%"
"28/07/2026","2.330","2.350","2.360","2.330","9,69M","-1,27%"
"27/07/2026","2.360","2.390","2.390","2.330","10,88M","-1,26%"
"24/07/2026","2.390","2.440","2.440","2.370","12,44M","-2,05%"
"23/07/2026","2.440","2.430","2.460","2.420","18,56M","0,41%"
"22/07/2026","2.430","2.420","2.450","2.400","9,28M","0,41%"
"21/07/2026","2.420","2.450","2.450","2.410","12,80M","-0,82%"
"20/07/2026","2.440","2.420","2.450","2.420","13,43M","1,24%"
"17/07/2026","2.410","2.420","2.440","2.400","15,09M","-0,41%"
"16/07/2026","2.420","2.420","2.430","2.400","4,94M","0,00%"
"15/07/2026","2.420","2.420","2.430","2.390","6,31M","0,00%"
"14/07/2026","2.420","2.430","2.450","2.400","8,46M","0,41%"
"13/07/2026","2.410","2.380","2.420","2.350","10,20M","1,26%"
"10/07/2026","2.380","2.360","2.390","2.350","8,66M","0,85%"
"09/07/2026","2.360","2.350","2.360","2.320","5,48M","0,43%"
"08/07/2026","2.350","2.370","2.380","2.330","7,23M","-0,84%"
"07/07/2026","2.370","2.330","2.370","2.320","9,25M","1,72%"
"06/07/2026","2.330","2.320","2.350","2.320","6,11M","0,87%"
"03/07/2026","2.310","2.280","2.330","2.270","8,70M","1,76%"
"02/07/2026","2.270","2.280","2.320","2.260","10,24M","-0,87%"
"01/07/2026","2.290","2.290","2.310","2.250","10,12M","0,00%"
"30/06/2026","2.290","2.320","2.330","2.250","16,91M","-1,29%"
"29/06/2026","2.320","2.360","2.370","2.300","12,42M","-1,69%"
"26/06/2026","2.360","2.350","2.390","2.320","16,82M","-0,42%"
"25/06/2026","2.370","2.420","2.450","2.360","17,17M","-2,07%"
"24/06/2026","2.420","2.490","2.500","2.400","13,70M","-2,42%"
"23/06/2026","2.480","2.470","2.500","2.430","19,98M","-3,50%"
"22/06/2026","2.570","2.570","2.620","2.560","38,83M","1,58%"
"19/06/2026","2.530","2.620","2.620","2.510","26,88M","-1,94%"
"18/06/2026","2.580","2.590","2.610","2.570","13,98M","-0,39%"
"17/06/2026","2.590","2.620","2.660","2.570","26,02M","-1,15%"
"15/06/2026","2.620","2.620","2.700","2.600","39,95M","0,00%"
"12/06/2026","2.620","2.600","2.670","2.550","46,14M","-0,38%"
"11/06/2026","2.630","2.750","2.780","2.580","31,54M","-4,01%"
"10/06/2026","2.740","2.700","2.750","2.640","25,28M","3,79%"
"09/06/2026","2.640","2.500","2.660","2.480","20,33M","5,60%"
"08/06/2026","2.500","2.580","2.580","2.460","21,41M","-3,47%"
"05/06/2026","2.590","2.660","2.670","2.580","16,11M","-2,63%"
"04/06/2026","2.660","2.620","2.690","2.510","30,88M","1,53%"
"03/06/2026","2.620","2.780","2.800","2.600","28,44M","-5,07%"
"02/06/2026","2.760","2.790","2.810","2.730","16,49M","-0,72%"
"29/05/2026","2.780","2.840","2.870","2.770","29,76M","-2,11%"
"26/05/2026","2.840","2.820","2.870","2.800","13,65M","1,43%"
"25/05/2026","2.800","2.750","2.860","2.700","27,20M","2,94%"
"22/05/2026","2.720","2.710","2.760","2.640","15,86M","0,37%"
"21/05/2026","2.710","2.820","2.850","2.700","23,42M","-3,90%"
"20/05/2026","2.820","2.650","2.860","2.620","46,76M","6,42%"
"19/05/2026","2.650","2.850","2.870","2.640","39,73M","-7,02%"
"18/05/2026","2.850","2.840","2.860","2.760","17,49M","0,71%"
"13/05/2026","2.830","2.860","2.860","2.820","7,81M","-1,05%"
"12/05/2026","2.860","2.870","2.880","2.820","10,04M","-0,35%"
"11/05/2026","2.870","2.860","2.900","2.810","15,13M","0,35%"
"08/05/2026","2.860","2.890","2.920","2.850","12,60M","-0,69%"
"07/05/2026","2.880","2.910","2.930","2.870","15,96M","-1,71%"
"06/05/2026","2.930","2.950","2.950","2.900","10,14M","-0,68%"
"05/05/2026","2.950","2.960","2.970","2.910","11,85M","0,00%"
"04/05/2026","2.950","2.900","2.950","2.890","17,45M","2,79%"
"30/04/2026","2.870","2.920","2.930","2.850","14,06M","-1,37%"
"29/04/2026","2.910","2.890","2.920","2.870","8,74M","0,69%"
"28/04/2026","2.890","2.910","2.920","2.880","9,71M","-0,69%"
"27/04/2026","2.910","2.900","2.930","2.860","11,93M","0,34%"
"24/04/2026","2.900","2.960","2.960","2.880","20,41M","-2,03%"
"23/04/2026","2.960","3.020","3.020","2.930","21,80M","-1,33%"
"22/04/2026","3.000","2.930","3.000","2.920","26,32M","3,09%"
"21/04/2026","2.910","2.870","2.930","2.850","17,37M","1,39%"
"20/04/2026","2.870","2.900","2.910","2.850","14,87M","-1,03%"
"17/04/2026","2.900","2.870","2.910","2.860","11,03M","1,05%"
"16/04/2026","2.870","2.890","2.900","2.860","13,61M","-1,03%"
"15/04/2026","2.900","2.940","2.940","2.890","18,77M","-1,02%"
"14/04/2026","2.930","2.950","2.960","2.910","18,54M","0,34%"
"13/04/2026","2.920","2.900","2.950","2.890","27,12M","1,04%"
"10/04/2026","2.890","2.880","2.900","2.860","14,68M","0,35%"
"09/04/2026","2.880","2.860","2.920","2.850","19,54M","0,70%"
"08/04/2026","2.860","2.870","2.930","2.810","53,02M","-2,39%"
"07/04/2026","2.930","3.000","3.010","2.870","33,07M","-1,68%"
"06/04/2026","2.980","2.930","3.010","2.930","21,95M","2,41%"
"02/04/2026","2.910","3.000","3.030","2.910","41,96M","-2,35%"
"01/04/2026","2.980","3.180","3.190","2.970","60,50M","-6,29%"
"31/03/2026","3.180","3.160","3.220","3.130","48,82M","0,95%"
"30/03/2026","3.150","3.130","3.160","3.100","38,18M","1,61%"
"27/03/2026","3.100","3.130","3.150","3.060","26,66M","-0,96%"
"26/03/2026","3.130","3.160","3.180","3.040","38,49M","-0,95%"
"25/03/2026","3.160","2.910","3.170","2.890","134,21M","8,59%"
"17/03/2026","2.910","2.900","2.930","2.880","18,16M","-0,34%"
"16/03/2026","2.920","2.920","2.920","2.840","27,88M","0,34%"
"13/03/2026","2.910","2.920","2.940","2.880","16,33M","0,00%"
"12/03/2026","2.910","2.870","2.930","2.870","25,95M","1,39%"
"11/03/2026","2.870","2.940","2.950","2.850","26,05M","-2,71%"
"10/03/2026","2.950","2.930","2.950","2.890","26,49M","0,00%"
"09/03/2026","2.950","2.990","2.990","2.840","72,73M","-1,01%"
"06/03/2026","2.980","2.970","3.010","2.910","94,31M","0,34%"
"05/03/2026","2.970","2.860","2.970","2.860","88,32M","3,85%"
"04/03/2026","2.860","2.930","2.970","2.790","121,91M","-2,05%"
"03/03/2026","2.920","2.840","2.940","2.810","148,91M","6,18%"
"02/03/2026","2.750","2.620","2.750","2.610","73,92M","5,77%"
"27/02/2026","2.600","2.610","2.620","2.570","9,46M","-0,38%"
"26/02/2026","2.610","2.630","2.640","2.580","12,92M","-0,76%"
"25/02/2026","2.630","2.620","2.630","2.600","11,90M","1,54%"
"24/02/2026","2.590","2.630","2.630","2.590","15,22M","-1,52%"
"23/02/2026","2.630","2.630","2.640","2.600","9,66M","0,38%"
"20/02/2026","2.620","2.640","2.660","2.610","14,52M","-0,76%"
"19/02/2026","2.640","2.630","2.660","2.610","36,30M","0,76%"
"18/02/2026","2.620","2.560","2.620","2.550","26,33M","2,75%"
"13/02/2026","2.550","2.560","2.560","2.540","7,76M","0,00%"
"12/02/2026","2.550","2.550","2.580","2.530","14,86M","0,00%"
"11/02/2026","2.550","2.580","2.590","2.550","17,36M","-1,16%"
"10/02/2026","2.580","2.580","2.580","2.550","13,43M","0,00%"
"09/02/2026","2.580","2.550","2.580","2.520","14,19M","1,18%"
"06/02/2026","2.550","2.580","2.590","2.520","22,36M","-1,54%"
"05/02/2026","2.590","2.580","2.650","2.560","52,65M","1,57%"
"04/02/2026","2.550","2.520","2.560","2.520","21,58M","1,19%"
"03/02/2026","2.520","2.540","2.550","2.490","18,39M","-0,79%"
"02/02/2026","2.540","2.540","2.610","2.480","65,84M","2,42%"
"30/01/2026","2.480","2.440","2.500","2.420","21,02M","1,64%"
"29/01/2026","2.440","2.450","2.450","2.220","37,41M","-0,41%"
"28/01/2026","2.450","2.530","2.580","2.400","50,72M","-5,41%"
"27/01/2026","2.590","2.590","2.600","2.530","25,93M","0,00%"
"26/01/2026","2.590","2.570","2.600","2.560","25,97M","1,17%"
"23/01/2026","2.560","2.530","2.570","2.510","30,70M","1,19%"
"22/01/2026","2.530","2.490","2.550","2.490","38,15M","2,02%"
"21/01/2026","2.480","2.470","2.550","2.420","42,53M","0,40%"
"20/01/2026","2.470","2.450","2.470","2.440","14,16M","0,41%"
"19/01/2026","2.460","2.450","2.470","2.440","18,16M","0,41%"
"15/01/2026","2.450","2.440","2.460","2.430","14,96M","0,41%"
"14/01/2026","2.440","2.430","2.450","2.430","22,45M","0,83%"
"13/01/2026","2.420","2.390","2.420","2.370","17,87M","1,68%"
"12/01/2026","2.380","2.400","2.410","2.360","19,35M","-0,42%"
"09/01/2026","2.390","2.390","2.420","2.390","8,65M","0,00%"
"08/01/2026","2.390","2.430","2.440","2.390","15,69M","-1,24%"
"07/01/2026","2.420","2.460","2.460","2.380","34,83M","2,11%"
"06/01/2026","2.370","2.350","2.370","2.330","16,78M","1,28%"
"05/01/2026","2.340","2.320","2.350","2.320","8,91M","0,86%"
"02/01/2026","2.320","2.310","2.320","2.290","6,22M","0,43%"
"30/12/2025","2.310","2.320","2.330","2.290","6,26M","-0,43%"
"29/12/2025","2.320","2.280","2.320","2.270","9,02M","1,75%"
"24/12/2025","2.280","2.280","2.290","2.270","4,39M","0,00%"
"23/12/2025","2.280","2.270","2.280","2.260","5,75M","0,00%"
"22/12/2025","2.280","2.280","2.280","2.260","5,77M","0,44%"
"19/12/2025","2.270","2.280","2.290","2.250","7,52M","0,44%"
"18/12/2025","2.260","2.270","2.300","2.260","11,76M","-0,44%"
"17/12/2025","2.270","2.280","2.290","2.240","14,50M","-0,44%"
"16/12/2025","2.280","2.260","2.280","2.260","5,70M","0,88%"
"15/12/2025","2.260","2.260","2.280","2.240","14,82M","0,00%"
"12/12/2025","2.260","2.260","2.280","2.250","9,57M","0,00%"
"11/12/2025","2.260","2.280","2.290","2.250","11,07M","-1,31%"
"10/12/2025","2.290","2.290","2.300","2.270","10,11M","0,00%"
"09/12/2025","2.290","2.300","2.300","2.280","8,12M","-0,43%"
"08/12/2025","2.300","2.310","2.310","2.290","6,95M","0,00%"
"05/12/2025","2.300","2.310","2.310","2.290","3,95M","0,00%"
"04/12/2025","2.300","2.300","2.320","2.290","4,37M","-0,43%"
"03/12/2025","2.310","2.300","2.310","2.290","3,13M","0,00%"
"02/12/2025","2.310","2.290","2.310","2.290","5,40M","0,87%"
"01/12/2025","2.290","2.300","2.310","2.280","7,59M","-0,87%"
"28/11/2025","2.310","2.300","2.310","2.280","6,65M","0,43%"
"27/11/2025","2.300","2.330","2.330","2.300","5,26M","-0,86%"
"26/11/2025","2.320","2.330","2.330","2.300","5,54M","0,43%"
"25/11/2025","2.310","2.330","2.340","2.300","5,47M","-0,86%"
"24/11/2025","2.330","2.320","2.330","2.300","7,93M","0,43%"
"21/11/2025","2.320","2.320","2.330","2.300","5,79M","-0,43%"
"20/11/2025","2.330","2.320","2.340","2.320","5,73M","0,43%"
"19/11/2025","2.320","2.310","2.330","2.310","5,69M","0,43%"
"18/11/2025","2.310","2.350","2.350","2.310","9,92M","-1,70%"
"17/11/2025","2.350","2.340","2.370","2.340","7,49M","0,43%"
"14/11/2025","2.340","2.360","2.360","2.330","7,37M","-0,85%"
"13/11/2025","2.360","2.380","2.390","2.350","7,30M","-0,84%"
"12/11/2025","2.380","2.390","2.390","2.360","8,22M","-0,42%"
"11/11/2025","2.390","2.390","2.400","2.370","7,64M","0,00%"
"10/11/2025","2.390","2.390","2.400","2.380","5,36M","0,00%"
"07/11/2025","2.390","2.390","2.390","2.370","9,18M","-0,42%"
"06/11/2025","2.400","2.390","2.400","2.380","5,41M","0,84%"
"05/11/2025","2.380","2.400","2.400","2.370","10,53M","-0,83%"
"04/11/2025","2.400","2.400","2.400","2.380","10,19M","0,00%"
"03/11/2025","2.400","2.400","2.410","2.380","10,14M","0,00%"
"31/10/2025","2.400","2.430","2.440","2.390","13,52M","-1,23%"
"30/10/2025","2.430","2.380","2.440","2.370","30,87M","2,53%"
"29/10/2025","2.370","2.350","2.380","2.340","10,53M","0,85%"
"28/10/2025","2.350","2.360","2.360","2.330","7,23M","0,43%"
"27/10/2025","2.340","2.350","2.370","2.300","30,70M","-0,43%"
"24/10/2025","2.350","2.320","2.380","2.320","16,37M","1,29%"
"23/10/2025","2.320","2.300","2.330","2.290","5,93M","1,31%"
"22/10/2025","2.290","2.350","2.360","2.290","12,01M","-2,14%"
"21/10/2025","2.340","2.270","2.340","2.270","16,07M","3,08%"
"20/10/2025","2.270","2.210","2.270","2.200","10,33M","2,71%"
"17/10/2025","2.210","2.210","2.220","2.170","13,41M","0,00%"
"16/10/2025","2.210","2.220","2.250","2.210","13,97M","1,84%"
"15/10/2025","2.170","2.300","2.310","2.170","31,53M","-5,65%"
"14/10/2025","2.300","2.350","2.360","2.280","14,06M","-1,71%"
"13/10/2025","2.340","2.340","2.350","2.310","9,59M","-1,68%"
"10/10/2025","2.380","2.360","2.380","2.340","19,66M","1,71%"
"09/10/2025","2.340","2.280","2.360","2.280","33,98M","3,08%"
"08/10/2025","2.270","2.270","2.280","2.230","16,85M","0,00%"
"07/10/2025","2.270","2.310","2.310","2.270","16,63M","-1,73%"
"06/10/2025","2.310","2.340","2.340","2.300","11,18M","-0,43%"
"03/10/2025","2.320","2.310","2.330","2.300","9,13M","0,43%"
"02/10/2025","2.310","2.330","2.340","2.310","12,05M","-0,86%"
"01/10/2025","2.330","2.350","2.350","2.320","7,06M","-0,85%"
"30/09/2025","2.350","2.330","2.350","2.330","7,58M","0,86%"
"29/09/2025","2.330","2.350","2.360","2.320","12,69M","-0,85%"
"26/09/2025","2.350","2.350","2.360","2.330","10,25M","0,00%"
"25/09/2025","2.350","2.380","2.390","2.330","15,38M","-1,26%"
"24/09/2025","2.380","2.380","2.390","2.370","9,05M","0,00%"
"23/09/2025","2.380","2.370","2.390","2.360","11,69M","0,42%"
"22/09/2025","2.370","2.380","2.390","2.360","6,89M","-0,42%"
"19/09/2025","2.380","2.360","2.380","2.350","9,27M","0,85%"
"18/09/2025","2.360","2.380","2.380","2.360","5,63M","-0,84%"
"17/09/2025","2.380","2.380","2.390","2.360","11,01M","0,00%"
"16/09/2025","2.380","2.380","2.400","2.360","11,73M","0,00%"
"15/09/2025","2.380","2.390","2.400","2.380","10,50M","-0,42%"
"12/09/2025","2.390","2.380","2.400","2.380","10,87M","0,84%"
"11/09/2025","2.370","2.380","2.410","2.370","13,35M","-0,42%"
"10/09/2025","2.380","2.400","2.400","2.370","8,46M","-0,83%"
"09/09/2025","2.400","2.400","2.410","2.370","14,79M","-0,41%"
"08/09/2025","2.410","2.410","2.420","2.400","13,47M","0,00%"
"04/09/2025","2.410","2.420","2.430","2.390","12,39M","-0,41%"
"03/09/2025","2.420","2.420","2.440","2.410","8,29M","0,00%"
"02/09/2025","2.420","2.400","2.430","2.400","8,18M","0,83%"
"01/09/2025","2.400","2.350","2.410","2.320","20,95M","0,00%"
"29/08/2025","2.400","2.430","2.430","2.400","13,51M","-1,23%"
"28/08/2025","2.430","2.460","2.460","2.420","7,64M","-0,82%"
"27/08/2025","2.450","2.500","2.500","2.450","10,53M","-2,00%"
"26/08/2025","2.500","2.430","2.500","2.410","20,51M","3,31%"
"25/08/2025","2.420","2.420","2.430","2.410","6,95M","0,00%"
"22/08/2025","2.420","2.430","2.430","2.410","4,64M","-0,41%"
"21/08/2025","2.430","2.430","2.440","2.410","8,97M","0,00%"
"20/08/2025","2.430","2.420","2.430","2.400","10,21M","1,25%"
"19/08/2025","2.400","2.420","2.430","2.400","9,61M","-0,83%"
"15/08/2025","2.420","2.430","2.440","2.420","4,66M","0,00%"
"14/08/2025","2.420","2.450","2.460","2.420","8,78M","-1,22%"
"13/08/2025","2.450","2.440","2.470","2.440","11,48M","0,41%"
"12/08/2025","2.440","2.420","2.440","2.410","9,57M","1,24%"
"11/08/2025","2.410","2.400","2.420","2.400","8,92M","0,42%"
"08/08/2025","2.400","2.410","2.420","2.390","14,96M","0,00%"
"07/08/2025","2.400","2.430","2.430","2.400","7,15M","-0,83%"
"06/08/2025","2.420","2.410","2.420","2.400","16,50M","0,83%"
"05/08/2025","2.400","2.410","2.420","2.400","10,82M","0,00%"
"04/08/2025","2.400","2.420","2.430","2.400","12,68M","-0,83%"
"01/08/2025","2.420","2.420","2.430","2.400","8,95M","0,00%"
"31/07/2025","2.420","2.450","2.460","2.410","13,45M","-1,22%"
"30/07/2025","2.450","2.460","2.470","2.440","7,43M","-0,41%"
"29/07/2025","2.460","2.460","2.470","2.450","5,77M","0,00%"
"28/07/2025","2.460","2.470","2.470","2.450","5,80M","0,41%"
"25/07/2025","2.450","2.470","2.480","2.450","7,22M","-0,81%"
"24/07/2025","2.470","2.440","2.490","2.440","10,47M","1,23%"
"23/07/2025","2.440","2.430","2.450","2.420","8,73M","0,83%"
"22/07/2025","2.420","2.430","2.450","2.420","16,29M","0,00%"
"21/07/2025","2.420","2.460","2.460","2.410","13,73M","-1,22%"
"18/07/2025","2.450","2.450","2.460","2.440","9,03M","0,41%"
"17/07/2025","2.440","2.470","2.480","2.440","12,58M","-0,81%"
"16/07/2025","2.460","2.470","2.490","2.460","8,77M","-0,40%"
"15/07/2025","2.470","2.490","2.500","2.450","8,92M","-0,80%"
"14/07/2025","2.490","2.500","2.510","2.480","15,47M","0,40%"
"11/07/2025","2.480","2.450","2.490","2.440","22,48M","2,06%"
"10/07/2025","2.430","2.400","2.440","2.390","9,85M","1,67%"
"09/07/2025","2.390","2.410","2.420","2.380","12,10M","-0,42%"
"08/07/2025","2.400","2.440","2.440","2.400","15,15M","-1,64%"
"07/07/2025","2.440","2.440","2.440","2.420","5,80M","0,41%"
"04/07/2025","2.430","2.430","2.440","2.420","8,58M","0,41%"
"03/07/2025","2.420","2.440","2.460","2.410","14,75M","-0,82%"
"02/07/2025","2.440","2.460","2.480","2.420","10,84M","-0,81%"
"01/07/2025","2.460","2.470","2.490","2.440","11,13M","0,00%"
"30/06/2025","2.460","2.420","2.470","2.410","24,17M","2,50%"
"26/06/2025","2.400","2.420","2.420","2.380","17,94M","-0,83%"
"25/06/2025","2.420","2.460","2.470","2.400","24,48M","-0,82%"
"24/06/2025","2.440","2.530","2.550","2.420","50,09M","-2,79%"
"23/06/2025","2.510","2.520","2.590","2.510","89,81M","-14,92%"
"20/06/2025","2.950","2.990","3.000","2.930","86,32M","-1,34%"
"19/06/2025","2.990","3.020","3.030","2.960","54,89M","-0,99%"
"18/06/2025","3.020","3.030","3.050","3.010","42,36M","-0,33%"
"17/06/2025","3.030","3.010","3.030","3.000","36,62M","0,66%"
"16/06/2025","3.010","2.980","3.030","2.980","55,32M","1,35%"
"13/06/2025","2.970","2.980","2.990","2.950","48,23M","-0,34%"
"12/06/2025","2.980","3.030","3.070","2.890","122,17M","-1,00%"
"11/06/2025","3.010","2.960","3.030","2.960","79,02M","1,69%"
"10/06/2025","2.960","2.870","2.960","2.870","52,87M","3,14%"
"05/06/2025","2.870","2.850","2.890","2.840","24,75M","0,70%"
"04/06/2025","2.850","2.860","2.870","2.840","13,89M","-0,35%"
"03/06/2025","2.860","2.870","2.880","2.840","13,79M","0,00%"
"02/06/2025","2.860","2.900","2.900","2.840","23,52M","-1,04%"
"28/05/2025","2.890","2.870","2.900","2.860","30,73M","1,40%"
"27/05/2025","2.850","2.840","2.880","2.830","22,14M","0,71%"
"26/05/2025","2.830","2.860","2.860","2.810","15,73M","-0,35%"
"23/05/2025","2.840","2.840","2.850","2.820","14,93M","0,71%"
"22/05/2025","2.820","2.790","2.830","2.790","19,17M","1,08%"
"21/05/2025","2.790","2.810","2.850","2.780","42,91M","-1,06%"
"20/05/2025","2.820","2.920","2.930","2.800","36,97M","-2,76%"
"19/05/2025","2.900","2.860","2.910","2.860","34,96M","1,40%"
"16/05/2025","2.860","2.790","2.880","2.770","53,08M","3,25%"
"15/05/2025","2.770","2.800","2.810","2.770","19,17M","-0,72%"
"14/05/2025","2.790","2.720","2.790","2.720","19,08M","2,95%"
"09/05/2025","2.710","2.740","2.740","2.710","10,01M","-0,37%"
"08/05/2025","2.720","2.770","2.780","2.710","15,45M","-1,45%"
"07/05/2025","2.760","2.710","2.770","2.710","14,51M","1,85%"
"06/05/2025","2.710","2.720","2.730","2.710","10,76M","-0,37%"
"05/05/2025","2.720","2.720","2.730","2.680","16,64M","-0,73%"
"02/05/2025","2.740","2.700","2.750","2.640","21,61M","-0,72%"
"30/04/2025","2.760","2.800","2.850","2.760","35,32M","-1,08%"
"29/04/2025","2.790","2.770","2.840","2.770","26,13M","0,72%"
"28/04/2025","2.770","2.780","2.810","2.760","26,69M","-0,36%"
"25/04/2025","2.780","2.780","2.820","2.770","22,51M","0,00%"
"24/04/2025","2.780","2.780","2.810","2.770","13,59M","0,00%"
"23/04/2025","2.780","2.780","2.820","2.760","18,15M","0,72%"
"22/04/2025","2.760","2.710","2.800","2.700","19,67M","1,10%"
"21/04/2025","2.730","2.730","2.740","2.700","8,53M","0,00%"
"17/04/2025","2.730","2.710","2.750","2.700","7,92M","0,74%"
"16/04/2025","2.710","2.750","2.760","2.710","13,16M","-1,81%"
"15/04/2025","2.760","2.750","2.770","2.710","13,38M","0,73%"
"14/04/2025","2.740","2.680","2.740","2.670","13,42M","2,24%"
"11/04/2025","2.680","2.640","2.690","2.620","13,70M","0,00%"
"10/04/2025","2.680","2.550","2.680","2.530","27,35M","8,94%"
"09/04/2025","2.460","2.410","2.550","2.410","12,18M","1,65%"
"08/04/2025","2.420","2.320","2.450","2.300","19,20M","-3,97%"
"27/03/2025","2.520","2.510","2.570","2.510","8,07M","0,40%"
"26/03/2025","2.510","2.460","2.540","2.460","13,48M","2,45%"
"25/03/2025","2.450","2.300","2.470","2.290","13,58M","6,52%"
"24/03/2025","2.300","2.320","2.350","2.250","13,41M","-0,86%"
"21/03/2025","2.320","2.410","2.410","2.320","13,57M","-3,73%"
"20/03/2025","2.410","2.440","2.470","2.410","7,01M","-0,82%"
"19/03/2025","2.430","2.400","2.450","2.380","6,28M","0,41%"
"18/03/2025","2.420","2.450","2.460","2.350","13,32M","-1,22%"
"17/03/2025","2.450","2.450","2.480","2.420","6,46M","0,00%"
"14/03/2025","2.450","2.460","2.480","2.450","5,73M","0,00%"
"13/03/2025","2.450","2.480","2.500","2.450","9,68M","-1,21%"
"12/03/2025","2.480","2.490","2.520","2.480","7,37M","-0,40%"
"11/03/2025","2.490","2.500","2.520","2.480","5,51M","-0,80%"
"10/03/2025","2.510","2.550","2.570","2.510","11,35M","-1,57%"
"07/03/2025","2.550","2.570","2.580","2.550","5,57M","-1,16%"
"06/03/2025","2.580","2.580","2.600","2.560","8,41M","0,00%"
"05/03/2025","2.580","2.510","2.580","2.500","13,00M","2,79%"
"04/03/2025","2.510","2.580","2.580","2.470","11,83M","-2,71%"
"03/03/2025","2.580","2.590","2.610","2.530","8,85M","-0,39%"
"28/02/2025","2.590","2.600","2.610","2.480","21,11M","-1,15%"
"27/02/2025","2.620","2.610","2.650","2.610","11,46M","0,38%"
"26/02/2025","2.610","2.620","2.640","2.600","7,51M","-0,38%"
"25/02/2025","2.620","2.650","2.670","2.610","10,91M","-0,76%"
"24/02/2025","2.640","2.650","2.700","2.630","8,64M","-0,75%"
"21/02/2025","2.660","2.660","2.690","2.640","7,65M","-0,37%"
"20/02/2025","2.670","2.670","2.700","2.630","8,64M","0,38%"
"19/02/2025","2.660","2.700","2.720","2.660","11,91M","-1,12%"
"18/02/2025","2.690","2.710","2.720","2.680","6,47M","-0,74%"
"17/02/2025","2.710","2.710","2.710","2.680","5,55M","0,00%"
"14/02/2025","2.710","2.680","2.740","2.660","9,92M","0,74%"
"13/02/2025","2.690","2.640","2.730","2.610","7,26M","1,89%"
"12/02/2025","2.640","2.620","2.640","2.590","4,65M","0,76%"
"11/02/2025","2.620","2.620","2.640","2.600","5,60M","0,00%"
"10/02/2025","2.620","2.670","2.670","2.620","7,87M","-1,87%"
"07/02/2025","2.670","2.650","2.700","2.600","6,64M","0,75%"
"06/02/2025","2.650","2.720","2.730","2.650","9,83M","-2,57%"
"05/02/2025","2.720","2.680","2.740","2.680","8,03M","1,12%"
"04/02/2025","2.690","2.680","2.750","2.670","8,78M","0,75%"
"03/02/2025","2.670","2.690","2.690","2.650","8,95M","-0,74%"
"31/01/2025","2.690","2.660","2.700","2.630","9,10M","0,37%"
"30/01/2025","2.680","2.700","2.710","2.660","7,99M","-0,74%"
"24/01/2025","2.700","2.700","2.720","2.680","5,70M","0,00%"
"23/01/2025","2.700","2.710","2.710","2.680","6,64M","-0,37%"
"22/01/2025","2.710","2.690","2.740","2.690","10,06M","0,74%"
"21/01/2025","2.690","2.680","2.690","2.670","6,29M","1,13%"
"20/01/2025","2.660","2.670","2.700","2.660","8,43M","-0,75%"
"17/01/2025","2.680","2.690","2.700","2.660","8,28M","-0,37%"
"16/01/2025","2.690","2.670","2.710","2.670","13,45M","0,75%"
"15/01/2025","2.670","2.620","2.670","2.620","10,01M","1,91%"
"14/01/2025","2.620","2.610","2.660","2.600","10,13M","0,38%"
"13/01/2025","2.610","2.690","2.690","2.610","14,54M","-2,97%"
"10/01/2025","2.690","2.610","2.720","2.610","13,28M","2,67%"
"09/01/2025","2.620","2.640","2.640","2.610","7,94M","-0,76%"
"08/01/2025","2.640","2.610","2.680","2.610","7,64M","0,00%"
"07/01/2025","2.640","2.650","2.670","2.610","10,40M","-0,38%"
"06/01/2025","2.650","2.700","2.710","2.650","8,07M","-1,85%"
"03/01/2025","2.700","2.700","2.710","2.680","6,27M","0,75%"
"02/01/2025","2.680","2.750","2.760","2.670","11,36M","-2,55%"
"30/12/2024","2.750","2.630","2.750","2.620","16,42M","4,96%"
"27/12/2024","2.620","2.600","2.640","2.600","7,57M","1,16%"
"24/12/2024","2.590","2.600","2.620","2.590","5,15M","0,00%"
"23/12/2024","2.590","2.600","2.620","2.590","7,11M","0,00%"
"20/12/2024","2.590","2.590","2.630","2.590","6,24M","0,39%"
"19/12/2024","2.580","2.680","2.680","2.570","23,99M","-3,73%"
"18/12/2024","2.680","2.670","2.710","2.660","5,53M","0,37%"
"17/12/2024","2.670","2.740","2.740","2.670","12,05M","-2,55%"
"16/12/2024","2.740","2.780","2.790","2.720","9,33M","-1,44%"
"13/12/2024","2.780","2.800","2.810","2.770","4,66M","-0,71%"
"12/12/2024","2.800","2.800","2.830","2.780","9,05M","0,00%"
"11/12/2024","2.800","2.830","2.860","2.790","13,12M","-1,06%"
"10/12/2024","2.830","2.760","2.860","2.740","28,23M","2,91%"
"09/12/2024","2.750","2.730","2.760","2.730","10,86M","0,73%"
"06/12/2024","2.730","2.730","2.730","2.700","7,21M","-0,36%"
"05/12/2024","2.740","2.730","2.770","2.700","8,31M","1,11%"
"04/12/2024","2.710","2.700","2.750","2.700","10,57M","0,37%"
"03/12/2024","2.700","2.670","2.710","2.670","6,35M","1,12%"
"02/12/2024","2.670","2.700","2.730","2.660","12,31M","-1,11%"
"29/11/2024","2.700","2.790","2.790","2.700","10,74M","-3,23%"
"28/11/2024","2.790","2.760","2.790","2.740","5,88M","1,09%"
"26/11/2024","2.760","2.830","2.830","2.760","6,82M","-1,43%"
"25/11/2024","2.800","2.770","2.830","2.760","12,29M","1,08%"
"22/11/2024","2.770","2.750","2.780","2.740","5,35M","1,84%"
"21/11/2024","2.720","2.740","2.770","2.720","4,71M","-0,73%"
"20/11/2024","2.740","2.770","2.780","2.720","5,50M","-1,08%"
"19/11/2024","2.770","2.720","2.790","2.720","6,84M","1,84%"
"18/11/2024","2.720","2.750","2.770","2.700","11,49M","-1,09%"
"15/11/2024","2.750","2.770","2.800","2.750","8,10M","-0,72%"
"14/11/2024","2.770","2.810","2.810","2.770","8,78M","-1,42%"
"13/11/2024","2.810","2.870","2.890","2.810","11,39M","-2,09%"
"12/11/2024","2.870","2.780","2.890","2.780","18,30M","3,61%"
"11/11/2024","2.770","2.800","2.800","2.750","16,65M","-1,07%"
"08/11/2024","2.800","2.830","2.840","2.800","9,18M","-1,06%"
"07/11/2024","2.830","2.860","2.860","2.810","9,94M","-1,05%"
"06/11/2024","2.860","2.900","2.900","2.840","9,44M","-1,04%"
"05/11/2024","2.890","2.880","2.920","2.860","13,39M","0,70%"
"04/11/2024","2.870","2.920","2.920","2.850","9,85M","-1,71%"
"01/11/2024","2.920","2.950","2.950","2.880","14,27M","-1,35%"
"31/10/2024","2.960","2.850","2.960","2.840","22,80M","4,23%"
"30/10/2024","2.840","2.850","2.880","2.800","17,12M","-0,35%"
"29/10/2024","2.850","2.850","2.870","2.830","9,85M","-0,70%"
"28/10/2024","2.870","2.880","2.910","2.840","16,50M","-0,35%"
"25/10/2024","2.880","2.920","2.940","2.870","17,37M","-1,37%"
"24/10/2024","2.920","2.950","2.970","2.920","13,92M","-1,02%"
"23/10/2024","2.950","3.040","3.050","2.950","29,09M","-2,96%"
"22/10/2024","3.040","3.020","3.050","3.020","7,58M","0,66%"
"21/10/2024","3.020","3.050","3.050","3.010","15,20M","-0,98%"
"18/10/2024","3.050","3.070","3.080","3.030","12,26M","-0,33%"
"17/10/2024","3.060","3.080","3.090","3.060","12,35M","-0,65%"
"16/10/2024","3.080","3.120","3.120","3.050","21,91M","-0,65%"
"15/10/2024","3.100","3.100","3.140","3.080","24,71M","0,00%"
"14/10/2024","3.100","3.040","3.120","3.030","30,46M","2,31%"
"11/10/2024","3.030","3.050","3.060","3.020","10,02M","0,33%"
"10/10/2024","3.020","3.050","3.070","3.020","15,85M","-0,98%"
"09/10/2024","3.050","3.080","3.080","3.020","14,40M","-0,97%"
"08/10/2024","3.080","3.110","3.120","3.060","21,27M","-0,65%"
"07/10/2024","3.100","3.060","3.140","3.060","31,77M","3,68%"
"04/10/2024","2.990","3.060","3.100","2.990","27,04M","-2,29%"
"03/10/2024","3.060","3.050","3.080","3.030","18,19M","0,33%"
"02/10/2024","3.050","3.070","3.080","3.010","23,25M","-0,65%"
"01/10/2024","3.070","3.080","3.120","2.990","55,81M","-0,32%"
"30/09/2024","3.080","3.150","3.180","3.070","37,41M","-1,91%"
"27/09/2024","3.140","3.110","3.140","3.040","43,12M","0,96%"
"26/09/2024","3.110","3.100","3.120","3.070","30,07M","0,97%"
"25/09/2024","3.080","3.120","3.160","3.040","41,60M","-0,65%"
"24/09/2024","3.100","3.120","3.140","3.060","42,90M","-0,64%"
"23/09/2024","3.120","2.950","3.130","2.930","127,99M","5,76%"
"20/09/2024","2.950","2.790","2.950","2.760","85,70M","6,12%"
"19/09/2024","2.780","2.780","2.800","2.760","10,02M","0,00%"
"18/09/2024","2.780","2.810","2.820","2.780","9,17M","-0,71%"
"17/09/2024","2.800","2.730","2.820","2.710","32,83M","2,56%"
"13/09/2024","2.730","2.720","2.740","2.700","11,00M","0,37%"
"12/09/2024","2.720","2.690","2.750","2.690","20,90M","2,26%"
"11/09/2024","2.660","2.650","2.690","2.650","9,55M","-0,37%"
"10/09/2024","2.670","2.690","2.710","2.650","17,04M","-0,37%"
"09/09/2024","2.680","2.720","2.730","2.650","22,60M","-1,11%"
"06/09/2024","2.710","2.750","2.750","2.710","13,82M","-1,45%"
"05/09/2024","2.750","2.760","2.780","2.710","14,61M","-0,36%"
"04/09/2024","2.760","2.770","2.810","2.740","14,77M","-1,43%"
"03/09/2024","2.800","2.820","2.850","2.790","14,95M","-0,71%"
"02/09/2024","2.820","2.740","2.820","2.730","30,67M","3,30%"
"30/08/2024","2.730","2.780","2.780","2.730","21,46M","-1,80%"
"29/08/2024","2.780","2.780","2.810","2.760","15,03M","0,00%"
"28/08/2024","2.780","2.790","2.800","2.770","10,74M","0,00%"
"27/08/2024","2.780","2.780","2.820","2.760","16,79M","0,36%"
"26/08/2024","2.770","2.770","2.790","2.760","12,23M","0,36%"
"23/08/2024","2.760","2.720","2.790","2.720","22,18M","1,47%"
"22/08/2024","2.720","2.700","2.740","2.670","17,63M","0,37%"
"21/08/2024","2.710","2.720","2.740","2.710","12,35M","-0,37%"
"20/08/2024","2.720","2.720","2.730","2.700","9,55M","0,37%"
"19/08/2024","2.710","2.730","2.730","2.700","11,12M","-0,73%"
"16/08/2024","2.730","2.720","2.750","2.700","25,83M","1,11%"
"15/08/2024","2.700","2.720","2.720","2.670","19,41M","-0,74%"
"14/08/2024","2.720","2.660","2.720","2.640","22,03M","2,26%"
"13/08/2024","2.660","2.670","2.680","2.650","8,74M","0,38%"
"12/08/2024","2.650","2.590","2.650","2.590","13,48M","2,71%"
"09/08/2024","2.580","2.600","2.620","2.580","7,43M","-0,39%"
"08/08/2024","2.590","2.610","2.620","2.580","8,76M","-0,77%"
"07/08/2024","2.610","2.600","2.630","2.590","10,48M","0,77%"
"06/08/2024","2.590","2.600","2.630","2.540","19,17M","1,17%"
"05/08/2024","2.560","2.710","2.710","2.510","48,50M","-5,88%"
"02/08/2024","2.720","2.670","2.740","2.660","22,84M","1,87%"
"01/08/2024","2.670","2.700","2.700","2.640","9,70M","-0,37%"
"31/07/2024","2.680","2.640","2.680","2.640","10,27M","1,52%"
"30/07/2024","2.640","2.680","2.690","2.640","7,19M","-1,12%"
"29/07/2024","2.670","2.680","2.700","2.660","10,99M","0,38%"
"26/07/2024","2.660","2.620","2.670","2.620","8,48M","1,92%"
"25/07/2024","2.610","2.620","2.660","2.600","10,33M","-0,38%"
"24/07/2024","2.620","2.650","2.680","2.610","11,12M","-1,13%"
"23/07/2024","2.650","2.690","2.720","2.650","21,14M","-1,12%"
"22/07/2024","2.680","2.640","2.700","2.640","18,79M","1,90%"
"19/07/2024","2.630","2.620","2.680","2.620","30,36M","0,38%"
"18/07/2024","2.620","2.540","2.630","2.520","26,81M","3,15%"
"17/07/2024","2.540","2.550","2.550","2.530","7,33M","0,40%"
"16/07/2024","2.530","2.530","2.550","2.520","6,95M","0,40%"
"15/07/2024","2.520","2.560","2.560","2.500","12,27M","-0,40%"
"12/07/2024","2.530","2.550","2.560","2.530","7,92M","-0,78%"
"11/07/2024","2.550","2.550","2.560","2.540","4,84M","0,39%"
"10/07/2024","2.540","2.530","2.560","2.530","7,34M","0,40%"
"09/07/2024","2.530","2.550","2.570","2.530","10,48M","-0,78%"
"08/07/2024","2.550","2.540","2.560","2.530","7,49M","0,39%"
"05/07/2024","2.540","2.540","2.570","2.520","9,94M","0,40%"
"04/07/2024","2.530","2.520","2.570","2.510","18,79M","1,20%"
"03/07/2024","2.500","2.500","2.530","2.490","10,03M","0,40%"
"02/07/2024","2.490","2.500","2.520","2.490","9,42M","-0,40%"
"01/07/2024","2.500","2.460","2.500","2.450","9,77M","2,04%"
"28/06/2024","2.450","2.430","2.470","2.430","12,86M","0,82%"
"27/06/2024","2.430","2.440","2.440","2.420","4,57M","-0,41%"
"26/06/2024","2.440","2.410","2.440","2.400","6,34M","1,24%"
"25/06/2024","2.410","2.440","2.450","2.410","6,88M","-0,82%"
"24/06/2024","2.430","2.430","2.440","2.420","6,46M","0,41%"
"21/06/2024","2.420","2.430","2.450","2.380","19,32M","0,00%"
"20/06/2024","2.420","2.430","2.450","2.420","6,49M","-0,41%"
"19/06/2024","2.430","2.460","2.470","2.420","5,28M","-1,22%"
"14/06/2024","2.460","2.520","2.520","2.450","5,66M","-2,38%"
"13/06/2024","2.520","2.430","2.520","2.430","14,10M","3,70%"
"12/06/2024","2.430","2.440","2.460","2.420","6,49M","-0,41%"
"11/06/2024","2.440","2.480","2.500","2.440","12,17M","-1,61%"
"10/06/2024","2.480","2.530","2.540","2.470","13,45M","-1,98%"
"07/06/2024","2.530","2.520","2.550","2.510","7,71M","0,80%"
"06/06/2024","2.510","2.530","2.540","2.500","4,89M","-0,79%"
"05/06/2024","2.530","2.570","2.580","2.500","10,33M","-1,56%"
"04/06/2024","2.570","2.590","2.590","2.560","11,33M","-0,39%"
"03/06/2024","2.580","2.500","2.590","2.500","16,72M","3,61%"
"31/05/2024","2.490","2.500","2.520","2.490","15,71M","0,00%"
"30/05/2024","2.490","2.470","2.500","2.420","9,64M","0,81%"
"29/05/2024","2.470","2.520","2.530","2.460","14,74M","-1,59%"
"28/05/2024","2.510","2.540","2.560","2.510","11,91M","-0,40%"
"27/05/2024","2.520","2.600","2.600","2.520","21,41M","-2,70%"
"22/05/2024","2.590","2.570","2.600","2.570","18,23M","0,78%"
"21/05/2024","2.570","2.550","2.640","2.530","63,14M","-12,29%"
"20/05/2024","2.930","2.930","2.960","2.910","72,08M","0,34%"
"17/05/2024","2.920","2.930","2.950","2.910","30,77M","-0,34%"
"16/05/2024","2.930","2.920","2.930","2.900","21,54M","0,69%"
"15/05/2024","2.910","2.940","2.950","2.900","16,34M","-0,34%"
"14/05/2024","2.920","2.940","2.960","2.920","22,33M","-0,34%"
"13/05/2024","2.930","2.950","2.970","2.910","20,60M","0,00%"
"08/05/2024","2.930","2.900","3.020","2.790","89,51M","1,74%"
"07/05/2024","2.880","2.940","2.950","2.870","19,84M","-1,71%"
"06/05/2024","2.930","2.940","2.950","2.910","14,82M","0,00%"
"03/05/2024","2.930","2.910","2.950","2.890","15,12M","1,38%"
"02/05/2024","2.890","2.760","2.920","2.750","45,40M","-4,62%"
"30/04/2024","3.030","3.000","3.030","2.980","14,32M","1,00%"
"29/04/2024","3.000","2.900","3.000","2.860","11,27M","4,17%"
"26/04/2024","2.880","2.900","2.940","2.880","11,56M","-0,35%"
"25/04/2024","2.890","2.960","2.960","2.870","23,58M","-2,36%"
"24/04/2024","2.960","3.080","3.100","2.870","31,02M","-3,27%"
"23/04/2024","3.060","3.080","3.090","3.050","8,42M","-0,65%"
"22/04/2024","3.080","3.140","3.150","3.060","19,62M","-1,91%"
"19/04/2024","3.140","3.130","3.150","3.090","22,92M","0,32%"
"18/04/2024","3.130","3.100","3.130","3.030","26,81M","1,29%"
"17/04/2024","3.090","3.120","3.160","3.060","36,78M","-0,32%"
"16/04/2024","3.100","2.940","3.130","2.930","58,08M","5,80%"
"05/04/2024","2.930","2.930","2.940","2.910","9,07M","0,00%"
"04/04/2024","2.930","2.910","2.940","2.880","9,47M","0,34%"
"03/04/2024","2.920","2.920","2.950","2.900","17,80M","0,00%"
"02/04/2024","2.920","2.890","2.920","2.860","16,33M","1,04%"
"01/04/2024","2.890","2.970","2.970","2.850","32,36M","-2,69%"
"28/03/2024","2.970","2.970","2.990","2.950","24,64M","0,68%"
"27/03/2024","2.950","2.940","2.960","2.940","12,76M","0,34%"
"26/03/2024","2.940","2.930","2.950","2.900","13,22M","0,34%"
"25/03/2024","2.930","2.940","2.950","2.900","13,40M","-0,34%"
"22/03/2024","2.940","2.950","2.980","2.940","16,73M","-0,34%"
"21/03/2024","2.950","2.900","2.980","2.900","26,60M","2,08%"
"20/03/2024","2.890","2.920","2.930","2.890","14,83M","-1,37%"
"19/03/2024","2.930","2.850","2.930","2.850","21,77M","2,81%"
"18/03/2024","2.850","2.860","2.880","2.840","12,80M","0,35%"
"15/03/2024","2.840","2.890","2.940","2.840","49,87M","-1,39%"
"14/03/2024","2.880","2.800","2.890","2.800","31,78M","2,86%"
"13/03/2024","2.800","2.900","2.900","2.800","33,68M","-3,45%"
"08/03/2024","2.900","2.840","2.900","2.810","34,85M","2,11%"
"07/03/2024","2.840","2.780","2.840","2.750","30,00M","2,16%"
"06/03/2024","2.780","2.760","2.790","2.730","28,00M","1,46%"
"05/03/2024","2.740","2.740","2.800","2.740","69,92M","1,86%"
"04/03/2024","2.690","2.590","2.690","2.590","27,15M","4,26%"
"01/03/2024","2.580","2.590","2.610","2.570","8,63M","0,78%"
"29/02/2024","2.560","2.620","2.630","2.560","16,56M","-2,29%"
"28/02/2024","2.620","2.600","2.630","2.600","5,27M","1,16%"
"27/02/2024","2.590","2.600","2.610","2.590","5,65M","0,39%"
"26/02/2024","2.580","2.640","2.640","2.580","11,68M","-1,90%"
"23/02/2024","2.630","2.630","2.640","2.610","3,93M","0,00%"
"22/02/2024","2.630","2.610","2.650","2.600","6,88M","0,77%"
"21/02/2024","2.610","2.640","2.640","2.600","7,86M","-1,14%"
"20/02/2024","2.640","2.690","2.690","2.640","9,30M","-1,86%"
"19/02/2024","2.690","2.680","2.690","2.650","10,04M","0,37%"
"16/02/2024","2.680","2.680","2.690","2.650","13,09M","0,75%"
"15/02/2024","2.660","2.660","2.700","2.650","10,67M","0,76%"
"13/02/2024","2.640","2.650","2.660","2.630","5,62M","-0,38%"
"12/02/2024","2.650","2.610","2.660","2.610","11,85M","1,53%"
"07/02/2024","2.610","2.560","2.610","2.560","6,50M","1,95%"
"06/02/2024","2.560","2.550","2.570","2.540","8,82M","0,79%"
"05/02/2024","2.540","2.550","2.590","2.540","8,57M","0,00%"
"02/02/2024","2.540","2.560","2.580","2.540","6,28M","-0,78%"
"01/02/2024","2.560","2.610","2.610","2.560","12,27M","-1,92%"
"31/01/2024","2.610","2.610","2.660","2.600","14,81M","0,77%"
"30/01/2024","2.590","2.560","2.610","2.540","8,54M","0,78%"
"29/01/2024","2.570","2.570","2.590","2.560","5,58M","0,00%"
"26/01/2024","2.570","2.600","2.600","2.540","5,26M","0,00%"
"25/01/2024","2.570","2.510","2.580","2.510","9,74M","2,39%"
"24/01/2024","2.510","2.560","2.580","2.500","7,82M","-1,18%"
"23/01/2024","2.540","2.550","2.590","2.520","8,69M","-0,39%"
"22/01/2024","2.550","2.610","2.630","2.550","15,85M","-2,67%"
"19/01/2024","2.620","2.650","2.650","2.610","6,35M","-0,76%"
"18/01/2024","2.640","2.660","2.660","2.620","8,67M","-0,75%"
"17/01/2024","2.660","2.700","2.720","2.660","12,82M","-1,48%"
"16/01/2024","2.700","2.720","2.720","2.680","9,77M","-0,37%"
"15/01/2024","2.710","2.650","2.720","2.650","20,75M","2,65%"
"12/01/2024","2.640","2.620","2.650","2.610","7,29M","0,76%"
"11/01/2024","2.620","2.650","2.650","2.610","7,10M","-1,13%"
"10/01/2024","2.650","2.640","2.660","2.620","10,35M","0,76%"
"09/01/2024","2.630","2.640","2.650","2.590","12,09M","0,00%"
"08/01/2024","2.630","2.660","2.680","2.620","14,40M","-1,13%"
"05/01/2024","2.660","2.650","2.700","2.650","20,78M","0,38%"
"04/01/2024","2.650","2.540","2.690","2.540","36,99M","4,74%"
"03/01/2024","2.530","2.520","2.540","2.480","15,78M","0,00%"
"02/01/2024","2.530","2.440","2.550","2.440","20,59M","3,69%"
"29/12/2023","2.440","2.470","2.470","2.430","8,14M","-0,81%"
"28/12/2023","2.460","2.440","2.470","2.440","8,04M","0,82%"
"27/12/2023","2.440","2.400","2.450","2.400","10,89M","1,67%"
"22/12/2023","2.400","2.390","2.410","2.380","7,31M","0,84%"
"21/12/2023","2.380","2.370","2.390","2.350","6,16M","0,85%"
"20/12/2023","2.360","2.370","2.410","2.350","9,86M","-0,42%"
"19/12/2023","2.370","2.340","2.370","2.330","7,87M","1,72%"
"18/12/2023","2.330","2.320","2.360","2.310","11,13M","0,87%"
"15/12/2023","2.310","2.320","2.410","2.310","23,17M","0,00%"
"14/12/2023","2.310","2.300","2.340","2.300","7,11M","0,43%"
"13/12/2023","2.300","2.350","2.350","2.300","10,75M","-2,13%"
"12/12/2023","2.350","2.380","2.400","2.340","9,81M","-0,84%"
"11/12/2023","2.370","2.420","2.440","2.360","11,90M","-1,66%"
"08/12/2023","2.410","2.440","2.440","2.410","10,36M","-0,41%"
"07/12/2023","2.420","2.410","2.440","2.400","9,76M","0,41%"
"06/12/2023","2.410","2.420","2.440","2.400","7,41M","-0,41%"
"05/12/2023","2.420","2.470","2.470","2.420","5,83M","-1,63%"
"04/12/2023","2.460","2.450","2.470","2.440","7,55M","1,23%"
"01/12/2023","2.430","2.440","2.450","2.430","6,11M","0,41%"
"30/11/2023","2.420","2.420","2.440","2.410","6,08M","0,00%"
"29/11/2023","2.420","2.450","2.460","2.420","5,82M","-0,82%"
"28/11/2023","2.440","2.450","2.470","2.440","4,99M","0,00%"
"27/11/2023","2.440","2.460","2.480","2.440","7,94M","-0,81%"
"24/11/2023","2.460","2.440","2.480","2.440","5,38M","1,23%"
"23/11/2023","2.430","2.420","2.440","2.400","3,26M","0,41%"
"22/11/2023","2.420","2.440","2.490","2.420","8,97M","-0,41%"
"21/11/2023","2.430","2.420","2.440","2.410","4,34M","0,41%"
"20/11/2023","2.420","2.400","2.440","2.400","5,49M","0,83%"
"17/11/2023","2.400","2.380","2.410","2.380","4,94M","0,84%"
"16/11/2023","2.380","2.400","2.410","2.370","5,02M","-0,83%"
"15/11/2023","2.400","2.400","2.430","2.400","7,96M","0,42%"
"14/11/2023","2.390","2.360","2.400","2.360","6,85M","1,27%"
"13/11/2023","2.360","2.340","2.370","2.340","6,61M","0,85%"
"10/11/2023","2.340","2.350","2.370","2.340","5,56M","-0,43%"
"09/11/2023","2.350","2.350","2.370","2.330","9,20M","0,86%"
"08/11/2023","2.330","2.360","2.370","2.310","10,59M","-1,27%"
"07/11/2023","2.360","2.400","2.410","2.350","11,32M","-1,67%"
"06/11/2023","2.400","2.400","2.420","2.390","10,39M","0,42%"
"03/11/2023","2.390","2.390","2.420","2.380","15,48M","0,42%"
"02/11/2023","2.380","2.360","2.410","2.360","14,77M","0,85%"
"01/11/2023","2.360","2.460","2.470","2.350","29,75M","-4,84%"
"31/10/2023","2.480","2.510","2.540","2.450","35,01M","-4,25%"
"30/10/2023","2.590","2.660","2.680","2.590","13,97M","-2,63%"
"27/10/2023","2.660","2.660","2.680","2.650","3,87M","0,00%"
"26/10/2023","2.660","2.690","2.700","2.640","8,88M","-1,12%"
"25/10/2023","2.690","2.670","2.710","2.660","7,82M","0,75%"
"24/10/2023","2.670","2.660","2.690","2.660","4,91M","0,38%"
"23/10/2023","2.660","2.720","2.720","2.650","15,56M","-2,21%"
"20/10/2023","2.720","2.700","2.720","2.670","8,80M","1,12%"
"19/10/2023","2.690","2.730","2.730","2.680","10,05M","-1,10%"
"18/10/2023","2.720","2.720","2.750","2.700","11,28M","0,00%"
"17/10/2023","2.720","2.710","2.740","2.710","4,60M","0,37%"
"16/10/2023","2.710","2.700","2.740","2.700","10,69M","0,74%"
"13/10/2023","2.690","2.740","2.740","2.690","9,03M","-0,74%"
"12/10/2023","2.710","2.740","2.760","2.700","6,97M","-1,09%"
"11/10/2023","2.740","2.780","2.780","2.700","14,14M","-0,36%"
"10/10/2023","2.750","2.750","2.780","2.740","17,57M","1,10%"
"09/10/2023","2.720","2.690","2.740","2.680","17,94M","2,26%"
"06/10/2023","2.660","2.660","2.690","2.640","15,05M","0,00%"
"05/10/2023","2.660","2.680","2.710","2.650","22,06M","-1,12%"
"04/10/2023","2.690","2.710","2.720","2.680","27,67M","-1,82%"
"03/10/2023","2.740","2.800","2.810","2.740","29,89M","-2,14%"
"02/10/2023","2.800","2.810","2.830","2.790","11,00M","0,00%"
"29/09/2023","2.800","2.810","2.820","2.790","13,25M","0,00%"
"27/09/2023","2.800","2.810","2.840","2.790","16,73M","-0,36%"
"26/09/2023","2.810","2.870","2.870","2.800","12,18M","-1,40%"
"25/09/2023","2.850","2.870","2.890","2.840","11,46M","-0,35%"
"22/09/2023","2.860","2.800","2.870","2.780","15,15M","1,42%"
"21/09/2023","2.820","2.870","2.870","2.810","26,35M","-1,74%"
"20/09/2023","2.870","2.880","2.930","2.860","22,57M","-0,35%"
"19/09/2023","2.880","2.850","2.900","2.800","24,55M","1,41%"
"18/09/2023","2.840","2.850","2.880","2.830","9,01M","-0,35%"
"15/09/2023","2.850","2.890","2.900","2.850","15,25M","-1,38%"
"14/09/2023","2.890","2.860","2.910","2.860","19,87M","2,12%"
"13/09/2023","2.830","2.890","2.900","2.830","22,18M","-1,39%"
"12/09/2023","2.870","2.890","2.910","2.870","10,71M","-0,35%"
"11/09/2023","2.880","2.940","2.950","2.880","16,39M","-1,71%"
"08/09/2023","2.930","2.910","2.960","2.910","12,33M","0,34%"
"07/09/2023","2.920","2.970","2.980","2.920","23,29M","-2,34%"
"06/09/2023","2.990","2.950","3.000","2.940","40,39M","2,05%"
"05/09/2023","2.930","2.920","2.960","2.900","21,27M","0,34%"
"04/09/2023","2.920","2.880","2.960","2.880","24,02M","1,39%"
"01/09/2023","2.880","2.860","2.890","2.850","9,10M","0,70%"
"31/08/2023","2.860","2.900","2.900","2.850","17,42M","-1,72%"
"30/08/2023","2.910","2.930","2.940","2.880","26,86M","-1,69%"
"29/08/2023","2.960","3.000","3.010","2.960","25,74M","-0,34%"
"28/08/2023","2.970","2.930","2.980","2.930","17,60M","2,06%"
"25/08/2023","2.910","2.940","2.950","2.880","19,59M","-1,36%"
"24/08/2023","2.950","3.000","3.020","2.950","35,08M","-2,32%"
"23/08/2023","3.020","3.010","3.070","3.010","64,89M","1,00%"
"22/08/2023","2.990","2.810","2.990","2.810","116,09M","6,79%"
"21/08/2023","2.800","2.800","2.820","2.790","19,22M","0,36%"
"18/08/2023","2.790","2.780","2.820","2.770","21,85M","0,72%"
"16/08/2023","2.770","2.800","2.800","2.770","8,95M","-0,72%"
"15/08/2023","2.790","2.780","2.810","2.770","15,62M","0,36%"
"14/08/2023","2.780","2.770","2.790","2.750","11,76M","0,36%"
"11/08/2023","2.770","2.800","2.800","2.770","9,85M","-0,72%"
"10/08/2023","2.790","2.800","2.820","2.780","13,46M","0,36%"
"09/08/2023","2.780","2.770","2.800","2.760","12,22M","0,36%"
"08/08/2023","2.770","2.780","2.800","2.760","12,92M","0,00%"
"07/08/2023","2.770","2.780","2.790","2.760","8,80M","-0,36%"
"04/08/2023","2.780","2.760","2.810","2.760","17,94M","1,46%"
"03/08/2023","2.740","2.740","2.760","2.730","8,72M","0,00%"
"02/08/2023","2.740","2.730","2.760","2.720","13,50M","0,37%"
"01/08/2023","2.730","2.770","2.790","2.730","23,27M","-1,44%"
"31/07/2023","2.770","2.790","2.820","2.760","25,25M","-1,07%"
"28/07/2023","2.800","2.820","2.820","2.760","15,41M","-1,06%"
"27/07/2023","2.830","2.880","2.880","2.830","19,83M","-1,74%"
"26/07/2023","2.880","2.860","2.890","2.850","25,94M","1,05%"
"25/07/2023","2.850","2.890","2.910","2.840","51,69M","-1,04%"
"24/07/2023","2.880","2.820","2.880","2.800","52,01M","3,23%"
"21/07/2023","2.790","2.780","2.800","2.770","16,01M","0,72%"
"20/07/2023","2.770","2.770","2.790","2.760","9,10M","0,73%"
"18/07/2023","2.750","2.790","2.800","2.750","18,34M","-1,43%"
"17/07/2023","2.790","2.790","2.810","2.780","20,97M","0,72%"
"14/07/2023","2.770","2.740","2.790","2.740","22,84M","1,09%"
"13/07/2023","2.740","2.720","2.740","2.710","16,92M","0,37%"
"12/07/2023","2.730","2.760","2.760","2.730","26,43M","-1,09%"
"11/07/2023","2.760","2.770","2.770","2.730","24,29M","-0,72%"
"10/07/2023","2.780","2.770","2.800","2.770","20,23M","0,36%"
"07/07/2023","2.770","2.800","2.800","2.760","26,85M","-1,42%"
"06/07/2023","2.810","2.790","2.830","2.790","33,73M","1,08%"
"05/07/2023","2.780","2.740","2.810","2.740","47,10M","1,83%"
"04/07/2023","2.730","2.730","2.750","2.720","33,91M","0,37%"
"03/07/2023","2.720","2.670","2.750","2.660","116,75M","1,49%"
"27/06/2023","2.680","2.680","2.680","2.680","64,24M","-14,92%"
"26/06/2023","3.150","3.150","3.150","3.150","4,86M","-14,86%"
"23/06/2023","3.700","3.780","3.810","3.680","225,35M","-2,12%"
"22/06/2023","3.780","3.850","3.870","3.750","111,65M","-1,82%"
"21/06/2023","3.850","3.870","3.880","3.840","62,20M","0,00%"
"20/06/2023","3.850","3.810","3.870","3.810","62,96M","1,58%"
"19/06/2023","3.790","3.820","3.870","3.770","63,45M","-0,79%"
"16/06/2023","3.820","4.000","4.060","3.820","284,01M","5,23%"
"15/06/2023","3.630","3.490","3.640","3.460","97,15M","4,31%"
"14/06/2023","3.480","3.510","3.530","3.440","44,34M","-0,29%"
"13/06/2023","3.490","3.520","3.550","3.460","51,19M","-1,13%"
"12/06/2023","3.530","3.390","3.540","3.390","44,73M","4,44%"
"09/06/2023","3.380","3.320","3.390","3.270","28,33M","2,42%"
"08/06/2023","3.300","3.230","3.310","3.210","26,85M","3,45%"
"07/06/2023","3.190","3.260","3.260","3.170","34,91M","-2,74%"
"06/06/2023","3.280","3.240","3.300","3.200","41,22M","4,13%"
"05/06/2023","3.150","3.090","3.170","3.080","22,08M","2,94%"
"31/05/2023","3.060","3.040","3.100","2.990","28,57M","-0,97%"
"30/05/2023","3.090","2.960","3.120","2.930","32,16M","4,39%"
"29/05/2023","2.960","2.980","2.980","2.840","36,35M","0,68%"
"26/05/2023","2.940","3.000","3.060","2.930","30,32M","-2,33%"
"25/05/2023","3.010","3.050","3.090","3.010","38,49M","-3,22%"
"24/05/2023","3.110","3.150","3.190","3.110","15,44M","-1,27%"
"23/05/2023","3.150","3.160","3.250","3.150","22,38M","-0,32%"
"22/05/2023","3.160","3.140","3.220","3.140","33,26M","1,28%"
"19/05/2023","3.120","3.250","3.250","3.100","42,84M","-4,59%"
"17/05/2023","3.270","3.370","3.370","3.250","37,63M","-2,97%"
"16/05/2023","3.370","3.430","3.450","3.340","14,90M","-1,17%"
"15/05/2023","3.410","3.400","3.460","3.380","12,77M","0,29%"
"12/05/2023","3.400","3.440","3.460","3.400","12,69M","-1,16%"
"11/05/2023","3.440","3.500","3.510","3.420","18,15M","-1,43%"
"10/05/2023","3.490","3.490","3.540","3.480","13,86M","0,00%"
"09/05/2023","3.490","3.510","3.520","3.470","17,89M","0,00%"
"08/05/2023","3.490","3.380","3.520","3.380","41,51M","3,87%"
"05/05/2023","3.360","3.400","3.400","3.310","52,26M","-1,47%"
"04/05/2023","3.410","3.510","3.610","3.390","121,63M","-5,01%"
"03/05/2023","3.590","3.590","3.590","3.590","24,13M","-6,99%"
"02/05/2023","3.860","3.860","3.860","3.860","14,54M","-6,76%"
"28/04/2023","4.140","4.130","4.200","4.120","18,43M","0,24%"
"27/04/2023","4.130","4.140","4.140","4.110","11,28M","-0,24%"
"26/04/2023","4.140","4.040","4.140","4.040","35,31M","2,48%"
"18/04/2023","4.040","3.950","4.080","3.950","22,47M","2,28%"
"17/04/2023","3.950","3.970","4.000","3.940","14,58M","-0,50%"
"14/04/2023","3.970","3.980","4.030","3.930","17,17M","-0,25%"
"13/04/2023","3.980","3.940","4.060","3.940","37,34M","1,53%"
"12/04/2023","3.920","3.990","3.990","3.920","13,80M","-1,51%"
"11/04/2023","3.980","3.960","4.010","3.950","12,15M","0,51%"
"10/04/2023","3.960","4.030","4.050","3.930","13,14M","-1,74%"
"06/04/2023","4.030","4.060","4.090","4.030","9,01M","-0,98%"
"05/04/2023","4.070","4.100","4.100","4.050","12,11M","-0,73%"
"04/04/2023","4.100","4.090","4.150","4.050","24,81M","1,49%"
"03/04/2023","4.040","4.000","4.060","3.990","29,19M","1,25%"
"31/03/2023","3.990","3.870","3.990","3.870","22,29M","3,10%"
"30/03/2023","3.870","3.920","3.950","3.850","16,08M","-1,02%"
"29/03/2023","3.910","3.860","3.960","3.830","26,73M","2,62%"
"28/03/2023","3.810","3.740","3.840","3.710","19,99M","2,97%"
"27/03/2023","3.700","3.730","3.770","3.700","11,07M","-0,27%"
"24/03/2023","3.710","3.770","3.800","3.710","12,49M","-1,07%"
"21/03/2023","3.750","3.810","3.810","3.750","7,84M","-2,09%"
"20/03/2023","3.830","3.810","3.840","3.760","13,43M","-1,29%"
"17/03/2023","3.880","3.660","3.880","3.660","83,15M","6,30%"
"16/03/2023","3.650","3.790","3.820","3.640","28,03M","-4,20%"
"15/03/2023","3.810","3.850","3.880","3.810","10,90M","-0,52%"
"14/03/2023","3.830","3.920","3.920","3.830","23,04M","-2,54%"
"13/03/2023","3.930","3.890","3.930","3.860","16,22M","1,03%"
"10/03/2023","3.890","3.940","3.940","3.880","12,21M","-1,27%"
"09/03/2023","3.940","3.860","3.940","3.860","23,74M","2,07%"
"08/03/2023","3.860","3.790","3.890","3.770","20,41M","0,78%"
"07/03/2023","3.830","3.950","3.970","3.830","23,66M","-4,01%"
"06/03/2023","3.990","4.000","4.000","3.900","19,64M","-0,50%"
"03/03/2023","4.010","4.010","4.020","3.940","24,57M","0,25%"
"02/03/2023","4.000","3.880","4.000","3.820","36,42M","3,09%"
"01/03/2023","3.880","3.860","3.900","3.860","19,53M","0,52%"
"28/02/2023","3.860","3.730","3.870","3.730","36,88M","3,49%"
"27/02/2023","3.730","3.710","3.780","3.700","16,46M","1,91%"
"24/02/2023","3.660","3.600","3.680","3.570","16,17M","2,81%"
"23/02/2023","3.560","3.560","3.610","3.540","8,37M","0,56%"
"22/02/2023","3.540","3.550","3.590","3.510","7,36M","0,57%"
"21/02/2023","3.520","3.580","3.580","3.520","5,92M","-1,40%"
"20/02/2023","3.570","3.490","3.580","3.470","11,80M","2,29%"
"17/02/2023","3.490","3.490","3.500","3.470","6,92M","-0,57%"
"16/02/2023","3.510","3.450","3.520","3.430","13,87M","2,03%"
"15/02/2023","3.440","3.400","3.510","3.400","18,59M","1,18%"
"14/02/2023","3.400","3.370","3.430","3.360","7,13M","0,89%"
"13/02/2023","3.370","3.400","3.440","3.360","11,59M","0,00%"
"10/02/2023","3.370","3.430","3.430","3.350","20,20M","-3,16%"
"09/02/2023","3.480","3.450","3.490","3.400","14,27M","-0,29%"
"08/02/2023","3.490","3.500","3.530","3.420","15,38M","0,58%"
"07/02/2023","3.470","3.340","3.470","3.330","34,81M","6,44%"
"06/02/2023","3.260","3.330","3.350","3.250","31,85M","-2,10%"
"03/02/2023","3.330","3.390","3.400","3.320","17,55M","-2,63%"
"02/02/2023","3.420","3.390","3.420","3.370","10,25M","1,18%"
"01/02/2023","3.380","3.400","3.430","3.360","13,85M","-0,59%"
"31/01/2023","3.400","3.420","3.480","3.400","14,21M","-1,45%"
"30/01/2023","3.450","3.470","3.540","3.430","8,46M","-0,58%"
"27/01/2023","3.470","3.430","3.480","3.420","11,41M","2,36%"
"26/01/2023","3.390","3.440","3.440","3.360","16,96M","-2,59%"
"25/01/2023","3.480","3.540","3.540","3.480","8,72M","-1,69%"
"24/01/2023","3.540","3.560","3.560","3.510","11,92M","-0,84%"
"20/01/2023","3.570","3.500","3.570","3.480","11,50M","2,29%"
"19/01/2023","3.490","3.410","3.490","3.410","9,29M","2,35%"
"18/01/2023","3.410","3.360","3.460","3.360","10,35M","1,79%"
"17/01/2023","3.350","3.310","3.390","3.300","8,11M","0,90%"
"16/01/2023","3.320","3.320","3.350","3.300","6,26M","-0,30%"
"13/01/2023","3.330","3.330","3.360","3.320","6,92M","0,00%"
"12/01/2023","3.330","3.360","3.380","3.330","10,54M","-2,06%"
"11/01/2023","3.400","3.380","3.410","3.310","11,69M","1,19%"
"10/01/2023","3.360","3.280","3.370","3.240","16,65M","2,44%"
"09/01/2023","3.280","3.430","3.450","3.260","33,05M","-4,37%"
"06/01/2023","3.430","3.400","3.500","3.380","17,09M","0,59%"
"05/01/2023","3.410","3.620","3.630","3.390","29,60M","-5,80%"
"04/01/2023","3.620","3.730","3.730","3.620","14,38M","-2,95%"
"03/01/2023","3.730","3.690","3.740","3.680","8,60M","1,08%"
"02/01/2023","3.690","3.690","3.740","3.680","3,88M","0,00%"
"30/12/2022","3.690","3.670","3.700","3.650","9,28M","0,54%"
"29/12/2022","3.670","3.670","3.690","3.660","5,20M","0,00%"
"28/12/2022","3.670","3.690","3.710","3.660","6,45M","-0,54%"
"27/12/2022","3.690","3.690","3.710","3.670","6,63M","-0,27%"
"26/12/2022","3.700","3.740","3.750","3.690","9,10M","-1,07%"
"23/12/2022","3.740","3.750","3.760","3.730","6,33M","-0,53%"
"22/12/2022","3.760","3.760","3.800","3.740","5,31M","0,00%"
"21/12/2022","3.760","3.790","3.790","3.740","6,95M","-0,27%"
"20/12/2022","3.770","3.810","3.820","3.760","12,20M","-1,31%"
"19/12/2022","3.820","3.800","3.820","3.780","9,64M","0,53%"
"16/12/2022","3.800","3.750","3.800","3.720","11,89M","0,80%"
"15/12/2022","3.770","3.780","3.830","3.760","13,72M","-0,53%"
"14/12/2022","3.790","3.760","3.840","3.750","21,05M","1,88%"
"13/12/2022","3.720","3.800","3.800","3.720","13,07M","-2,11%"
"12/12/2022","3.800","3.620","3.820","3.620","23,99M","4,97%"
"09/12/2022","3.620","3.680","3.680","3.610","10,58M","-2,16%"
"08/12/2022","3.700","3.700","3.710","3.610","11,83M","0,27%"
"07/12/2022","3.690","3.670","3.740","3.670","14,89M","0,82%"
"06/12/2022","3.660","3.720","3.730","3.650","10,70M","-0,81%"
"05/12/2022","3.690","3.800","3.800","3.690","11,47M","-2,12%"
"02/12/2022","3.770","3.800","3.810","3.760","8,94M","-1,05%"
"01/12/2022","3.810","3.820","3.850","3.800","12,68M","0,26%"
"30/11/2022","3.800","3.780","3.810","3.770","23,46M","1,33%"
"29/11/2022","3.750","3.730","3.770","3.710","14,44M","1,90%"
"28/11/2022","3.680","3.640","3.710","3.640","9,35M","1,10%"
"25/11/2022","3.640","3.690","3.700","3.640","5,81M","-1,36%"
"24/11/2022","3.690","3.700","3.720","3.680","6,78M","-0,27%"
"23/11/2022","3.700","3.690","3.740","3.680","11,53M","0,27%"
"22/11/2022","3.690","3.650","3.690","3.630","15,74M","1,10%"
"21/11/2022","3.650","3.550","3.650","3.550","22,84M","2,82%"
"18/11/2022","3.550","3.550","3.570","3.520","11,21M","0,00%"
"17/11/2022","3.550","3.500","3.560","3.460","13,86M","1,43%"
"16/11/2022","3.500","3.540","3.560","3.490","23,18M","0,00%"
"15/11/2022","3.500","3.510","3.530","3.470","15,34M","0,57%"
"14/11/2022","3.480","3.490","3.550","3.460","28,54M","0,00%"
"11/11/2022","3.480","3.470","3.520","3.460","28,00M","0,29%"
"10/11/2022","3.470","3.550","3.580","3.430","83,55M","-5,19%"
"09/11/2022","3.660","3.780","3.780","3.660","56,40M","-3,43%"
"08/11/2022","3.790","3.800","3.810","3.760","19,18M","-1,04%"
"07/11/2022","3.830","3.760","3.840","3.760","19,99M","2,13%"
"04/11/2022","3.750","3.760","3.790","3.750","21,86M","0,00%"
"03/11/2022","3.750","3.750","3.790","3.720","18,55M","0,27%"
"02/11/2022","3.740","3.750","3.800","3.710","36,78M","-0,27%"
"01/11/2022","3.750","3.880","3.880","3.740","51,21M","-4,09%"
"31/10/2022","3.910","3.810","3.920","3.800","56,72M","3,17%"
"28/10/2022","3.790","3.810","3.830","3.780","15,92M","0,00%"
"27/10/2022","3.790","3.850","3.870","3.780","52,40M","-0,52%"
"26/10/2022","3.810","3.710","3.850","3.710","32,35M","1,60%"
"25/10/2022","3.750","3.780","3.780","3.730","32,45M","-0,79%"
"24/10/2022","3.780","3.840","3.860","3.780","32,95M","-1,31%"
"21/10/2022","3.830","3.860","3.870","3.790","33,61M","0,00%"
"20/10/2022","3.830","3.750","3.890","3.750","142,41M","2,68%"
"19/10/2022","3.730","3.720","3.870","3.690","181,49M","-5,81%"
"18/10/2022","3.960","4.280","4.280","3.960","82,99M","-6,82%"
"17/10/2022","4.250","4.230","4.270","4.180","12,92M","0,47%"
"14/10/2022","4.230","4.280","4.300","4.230","15,25M","-0,47%"
"13/10/2022","4.250","4.310","4.330","4.250","30,51M","-0,23%"
"12/10/2022","4.260","4.230","4.300","4.210","23,06M","0,95%"
"11/10/2022","4.220","4.160","4.250","4.160","13,35M","1,69%"
"10/10/2022","4.150","4.230","4.240","4.140","30,42M","-3,26%"
"07/10/2022","4.290","4.230","4.290","4.230","13,95M","1,42%"
"06/10/2022","4.230","4.200","4.320","4.200","29,07M","0,48%"
"05/10/2022","4.210","4.250","4.270","4.200","13,33M","-0,71%"
"04/10/2022","4.240","4.230","4.240","4.200","18,38M","1,92%"
"03/10/2022","4.160","4.150","4.170","4.130","10,04M","-0,24%"
"30/09/2022","4.170","4.120","4.180","4.070","18,31M","0,72%"
"29/09/2022","4.140","4.160","4.190","4.130","14,47M","-0,24%"
"28/09/2022","4.150","4.140","4.200","4.140","14,14M","-0,48%"
"27/09/2022","4.170","4.150","4.200","4.140","16,45M","0,48%"
"26/09/2022","4.150","4.210","4.240","4.090","50,78M","-3,49%"
"23/09/2022","4.300","4.320","4.330","4.250","13,67M","-0,92%"
"22/09/2022","4.340","4.210","4.350","4.200","30,20M","3,09%"
"21/09/2022","4.210","4.200","4.210","4.160","25,50M","0,24%"
"20/09/2022","4.200","4.230","4.260","4.180","25,85M","-0,47%"
"19/09/2022","4.220","4.320","4.330","4.200","38,56M","-2,31%"
"16/09/2022","4.320","4.410","4.420","4.300","35,92M","-2,04%"
"15/09/2022","4.410","4.390","4.480","4.380","28,09M","1,15%"
"14/09/2022","4.360","4.370","4.390","4.310","17,76M","-0,23%"
"13/09/2022","4.370","4.360","4.390","4.330","13,36M","0,69%"
"12/09/2022","4.340","4.340","4.360","4.310","12,53M","0,70%"
"09/09/2022","4.310","4.330","4.370","4.260","26,03M","-0,46%"
"08/09/2022","4.330","4.400","4.400","4.310","31,13M","-2,26%"
"07/09/2022","4.430","4.460","4.460","4.370","20,75M","-0,89%"
"06/09/2022","4.470","4.500","4.530","4.470","36,04M","0,45%"
"05/09/2022","4.450","4.270","4.470","4.270","73,18M","4,46%"
"02/09/2022","4.260","4.280","4.320","4.240","26,44M","0,47%"
"01/09/2022","4.240","4.250","4.320","4.220","32,60M","-0,24%"
"31/08/2022","4.250","4.320","4.330","4.170","74,26M","-2,07%"
"30/08/2022","4.340","4.380","4.430","4.310","34,46M","-0,46%"
"29/08/2022","4.360","4.300","4.390","4.260","35,94M","0,00%"
"26/08/2022","4.360","4.400","4.420","4.360","40,08M","0,00%"
"25/08/2022","4.360","4.330","4.510","4.310","126,33M","0,69%"
"24/08/2022","4.330","4.240","4.340","4.220","41,54M","1,88%"
"23/08/2022","4.250","4.100","4.280","4.090","45,54M","3,66%"
"22/08/2022","4.100","4.200","4.220","4.080","26,49M","-2,61%"
"19/08/2022","4.210","4.170","4.230","4.150","29,51M","1,94%"
"18/08/2022","4.130","4.130","4.180","4.100","16,80M","1,23%"
"16/08/2022","4.080","4.130","4.150","4.070","19,51M","-1,21%"
"15/08/2022","4.130","4.150","4.200","4.110","16,30M","-0,48%"
"12/08/2022","4.150","4.150","4.180","4.110","16,21M","0,00%"
"11/08/2022","4.150","4.250","4.270","4.140","44,08M","-0,48%"
"10/08/2022","4.170","4.100","4.210","4.080","44,33M","2,46%"
"09/08/2022","4.070","4.070","4.140","4.050","36,67M","0,74%"
"08/08/2022","4.040","4.100","4.100","4.010","44,84M","-1,94%"
"05/08/2022","4.120","4.080","4.150","4.030","42,04M","0,24%"
"04/08/2022","4.110","4.230","4.230","4.100","27,04M","-2,84%"
"03/08/2022","4.230","4.200","4.270","4.190","18,85M","0,95%"
"02/08/2022","4.190","4.280","4.300","4.180","22,48M","-2,10%"
"01/08/2022","4.280","4.300","4.340","4.250","26,44M","-0,47%"
"29/07/2022","4.300","4.270","4.350","4.270","42,40M","0,70%"
"28/07/2022","4.270","4.290","4.310","4.180","46,22M","0,00%"
"27/07/2022","4.270","4.110","4.300","4.110","77,96M","4,40%"
"26/07/2022","4.090","4.090","4.110","4.060","19,51M","0,74%"
"25/07/2022","4.060","4.080","4.120","4.060","17,32M","0,25%"
"22/07/2022","4.050","4.030","4.090","4.000","20,69M","0,75%"
"21/07/2022","4.020","4.040","4.060","4.010","8,93M","-0,25%"
"20/07/2022","4.030","4.020","4.060","4.020","31,96M","1,26%"
"19/07/2022","3.980","3.880","4.020","3.870","22,97M","2,31%"
"18/07/2022","3.890","3.920","3.940","3.870","15,85M","-1,27%"
"15/07/2022","3.940","4.030","4.030","3.910","21,50M","-2,96%"
"14/07/2022","4.060","4.020","4.080","3.980","36,59M","0,74%"
"13/07/2022","4.030","4.000","4.050","3.980","43,41M","1,26%"
"12/07/2022","3.980","3.920","4.010","3.890","36,24M","2,84%"
"11/07/2022","3.870","3.940","3.970","3.850","11,69M","-1,53%"
"08/07/2022","3.930","3.960","4.010","3.920","37,22M","2,08%"
"07/07/2022","3.850","3.860","3.900","3.800","14,14M","-0,26%"
"06/07/2022","3.860","3.900","3.920","3.780","26,37M","-2,28%"
"05/07/2022","3.950","3.750","3.970","3.750","60,67M","7,34%"
"04/07/2022","3.680","3.720","3.790","3.620","50,27M","-1,08%"
"01/07/2022","3.720","3.820","3.880","3.700","52,89M","-2,62%"
"30/06/2022","3.820","3.890","3.930","3.790","60,28M","-4,26%"
"29/06/2022","3.990","4.020","4.060","3.980","24,48M","-0,99%"
"28/06/2022","4.030","3.990","4.040","3.960","33,29M","1,51%"
"27/06/2022","3.970","4.090","4.090","3.930","41,16M","-2,93%"
"24/06/2022","4.090","4.110","4.140","4.080","34,84M","0,00%"
"23/06/2022","4.090","4.150","4.160","3.990","64,29M","-0,73%"
"22/06/2022","4.120","4.050","4.170","4.050","127,23M","2,23%"
"21/06/2022","4.030","3.800","4.070","3.780","153,21M","8,04%"
"20/06/2022","3.730","3.740","3.770","3.680","27,24M","0,00%"
"17/06/2022","3.730","3.790","3.790","3.710","43,96M","-2,36%"
"16/06/2022","3.820","3.730","3.860","3.720","64,47M","3,80%"
"15/06/2022","3.680","3.880","3.880","3.680","69,21M","-5,15%"
"14/06/2022","3.880","3.860","3.910","3.810","43,90M","0,26%"
"13/06/2022","3.870","3.830","3.880","3.740","86,46M","-1,28%"
"10/06/2022","3.920","4.050","4.070","3.900","69,69M","-3,69%"
"09/06/2022","4.070","4.050","4.130","4.040","69,35M","0,49%"
"08/06/2022","4.050","4.030","4.060","4.000","97,31M","-0,49%"
"07/06/2022","4.070","4.010","4.100","4.010","341,71M","-5,57%"
"06/06/2022","4.310","4.310","4.310","4.310","5,08M","-6,91%"
"03/06/2022","4.630","4.580","4.630","4.540","160,58M","1,76%"
"02/06/2022","4.550","4.550","4.630","4.530","137,66M","0,44%"
"31/05/2022","4.530","4.460","4.540","4.440","99,57M","2,26%"
"30/05/2022","4.430","4.460","4.540","4.420","70,83M","0,23%"
"27/05/2022","4.420","4.420","4.440","4.390","59,13M","0,68%"
"25/05/2022","4.390","4.500","4.520","4.380","142,69M","-0,23%"
"24/05/2022","4.400","4.120","4.440","3.920","245,38M","7,32%"
"23/05/2022","4.100","4.100","4.160","4.070","71,43M","1,23%"
"20/05/2022","4.050","3.990","4.100","3.980","58,29M","2,53%"
"19/05/2022","3.950","3.940","3.970","3.890","48,00M","-1,25%"
"18/05/2022","4.000","4.100","4.130","3.920","123,53M","-2,44%"
"17/05/2022","4.100","3.850","4.130","3.840","108,02M","7,89%"
"13/05/2022","3.800","3.710","3.830","3.670","52,94M","4,11%"
"12/05/2022","3.650","3.720","3.770","3.630","54,16M","-1,62%"
"11/05/2022","3.710","3.680","3.760","3.680","41,11M","1,37%"
"10/05/2022","3.660","3.660","3.710","3.560","89,35M","-2,92%"
"09/05/2022","3.770","3.850","3.860","3.690","55,07M","-1,31%"
"28/04/2022","3.820","3.710","3.850","3.700","47,08M","3,24%"
"27/04/2022","3.700","3.620","3.700","3.620","20,52M","1,65%"
"26/04/2022","3.640","3.700","3.720","3.610","24,08M","-1,62%"
"25/04/2022","3.700","3.650","3.710","3.610","24,48M","0,27%"
"22/04/2022","3.690","3.710","3.750","3.670","21,77M","-0,81%"
"21/04/2022","3.720","3.710","3.830","3.710","41,53M","0,54%"
"20/04/2022","3.700","3.770","3.810","3.660","43,02M","-1,33%"
"19/04/2022","3.750","3.750","3.780","3.730","23,60M","-0,27%"
"18/04/2022","3.760","3.740","3.820","3.720","28,94M","-0,27%"
"14/04/2022","3.770","3.760","3.790","3.720","40,95M","0,27%"
"13/04/2022","3.760","3.570","3.760","3.540","93,55M","7,12%"
"12/04/2022","3.510","3.550","3.570","3.490","27,27M","-1,13%"
"11/04/2022","3.550","3.600","3.670","3.550","44,01M","-1,39%"
"08/04/2022","3.600","3.500","3.600","3.480","40,88M","2,86%"
"07/04/2022","3.500","3.510","3.510","3.440","28,54M","0,29%"
"06/04/2022","3.490","3.520","3.530","3.480","60,59M","0,29%"
"05/04/2022","3.480","3.360","3.480","3.360","38,73M","3,57%"
"04/04/2022","3.360","3.350","3.370","3.330","17,37M","0,90%"
"01/04/2022","3.330","3.290","3.360","3.270","20,60M","1,22%"
"31/03/2022","3.290","3.280","3.340","3.280","13,81M","0,30%"
"30/03/2022","3.280","3.370","3.380","3.260","43,63M","-2,67%"
"29/03/2022","3.370","3.450","3.450","3.360","33,51M","-1,75%"
"28/03/2022","3.430","3.320","3.440","3.320","31,59M","3,31%"
"25/03/2022","3.320","3.360","3.370","3.310","18,99M","-0,90%"
"24/03/2022","3.350","3.360","3.390","3.320","26,03M","0,60%"
"23/03/2022","3.330","3.330","3.340","3.290","25,73M","0,91%"
"22/03/2022","3.300","3.220","3.320","3.220","32,21M","2,48%"
"21/03/2022","3.220","3.230","3.270","3.190","55,01M","0,94%"
"18/03/2022","3.190","3.340","3.380","3.190","173,13M","-3,92%"
"17/03/2022","3.320","3.380","3.380","3.310","12,12M","-1,78%"
"16/03/2022","3.380","3.310","3.390","3.310","19,33M","2,42%"
"15/03/2022","3.300","3.300","3.400","3.230","39,74M","-0,30%"
"14/03/2022","3.310","3.480","3.520","3.260","58,77M","-4,89%"
"11/03/2022","3.480","3.390","3.540","3.390","30,62M","0,29%"
"10/03/2022","3.470","3.470","3.540","3.360","54,91M","-1,98%"
"09/03/2022","3.540","3.480","3.580","3.450","44,82M","1,72%"
"08/03/2022","3.480","3.620","3.620","3.450","74,67M","-3,87%"
"07/03/2022","3.620","3.600","3.760","3.560","112,28M","2,26%"
"04/03/2022","3.540","3.300","3.550","3.300","99,83M","8,92%"
"02/03/2022","3.250","3.260","3.290","3.220","48,84M","1,88%"
"01/03/2022","3.190","3.170","3.280","3.170","61,14M","1,59%"
"25/02/2022","3.140","3.200","3.240","3.130","73,10M","-0,95%"
"24/02/2022","3.170","3.020","3.170","2.980","131,87M","5,32%"
"23/02/2022","3.010","2.990","3.030","2.960","70,22M","2,38%"
"22/02/2022","2.940","2.940","2.970","2.910","21,46M","0,00%"
"21/02/2022","2.940","2.940","2.980","2.920","39,80M","0,34%"
"18/02/2022","2.930","2.890","2.940","2.880","21,45M","1,03%"
"17/02/2022","2.900","2.900","2.920","2.880","22,03M","0,00%"
"16/02/2022","2.900","2.910","2.920","2.890","18,40M","-0,34%"
"15/02/2022","2.910","2.910","2.920","2.890","34,43M","0,00%"
"14/02/2022","2.910","2.860","2.950","2.850","44,30M","1,04%"
"11/02/2022","2.880","2.830","2.890","2.820","22,62M","1,41%"
"10/02/2022","2.840","2.860","2.890","2.840","9,76M","-1,05%"
"09/02/2022","2.870","2.840","2.900","2.820","26,57M","1,06%"
"08/02/2022","2.840","2.850","2.860","2.810","12,24M","0,71%"
"07/02/2022","2.820","2.800","2.850","2.790","15,87M","1,08%"
"04/02/2022","2.790","2.820","2.820","2.790","10,79M","-1,06%"
"03/02/2022","2.820","2.810","2.830","2.750","17,41M","0,36%"
"02/02/2022","2.810","2.850","2.860","2.800","16,75M","-1,40%"
"31/01/2022","2.850","2.890","2.890","2.830","14,59M","-1,04%"
"28/01/2022","2.880","2.890","2.910","2.860","22,97M","-0,69%"
"27/01/2022","2.900","2.860","2.920","2.840","47,93M","1,05%"
"26/01/2022","2.870","2.810","2.870","2.810","20,87M","2,14%"
"25/01/2022","2.810","2.870","2.880","2.790","22,52M","-2,09%"
"24/01/2022","2.870","2.830","2.890","2.820","41,54M","1,41%"
"21/01/2022","2.830","2.800","2.830","2.790","10,49M","0,35%"
"20/01/2022","2.820","2.830","2.850","2.800","18,52M","0,36%"
"19/01/2022","2.810","2.820","2.830","2.780","12,80M","-0,35%"
"18/01/2022","2.820","2.830","2.830","2.730","22,62M","0,36%"
"17/01/2022","2.810","2.850","2.860","2.780","17,58M","-0,71%"
"14/01/2022","2.830","2.830","2.840","2.790","28,43M","0,71%"
"13/01/2022","2.810","2.770","2.830","2.770","24,13M","1,81%"
"12/01/2022","2.760","2.830","2.850","2.760","19,48M","-2,47%"
"11/01/2022","2.830","2.850","2.880","2.790","78,65M","1,80%"
"10/01/2022","2.780","2.790","2.790","2.740","14,98M","-0,36%"
"07/01/2022","2.790","2.730","2.790","2.700","69,21M","3,33%"
"06/01/2022","2.700","2.710","2.730","2.660","23,26M","-1,10%"
"05/01/2022","2.730","2.740","2.770","2.710","34,20M","1,11%"
"04/01/2022","2.700","2.670","2.720","2.640","27,35M","1,12%"
"03/01/2022","2.670","2.660","2.680","2.600","40,71M","-1,48%"
"30/12/2021","2.710","2.750","2.760","2.700","24,44M","-2,87%"
"29/12/2021","2.790","2.800","2.820","2.750","28,69M","-0,36%"
"28/12/2021","2.800","2.710","2.830","2.700","108,07M","3,70%"
"27/12/2021","2.700","2.730","2.730","2.690","6,82M","-0,37%"
"24/12/2021","2.710","2.700","2.740","2.670","15,49M","0,37%"
"23/12/2021","2.700","2.710","2.720","2.680","9,18M","0,00%"
"22/12/2021","2.700","2.700","2.720","2.690","18,02M","0,37%"
"21/12/2021","2.690","2.660","2.690","2.650","12,44M","1,51%"
"20/12/2021","2.650","2.690","2.700","2.650","22,01M","-2,93%"
"17/12/2021","2.730","2.700","2.730","2.660","17,00M","1,87%"
"16/12/2021","2.680","2.730","2.730","2.660","23,60M","-0,74%"
"15/12/2021","2.700","2.730","2.770","2.700","34,56M","-1,10%"
"14/12/2021","2.730","2.710","2.730","2.670","16,52M","0,74%"
"13/12/2021","2.710","2.750","2.750","2.710","19,06M","-1,09%"
"10/12/2021","2.740","2.720","2.740","2.650","30,83M","0,74%"
"09/12/2021","2.720","2.740","2.750","2.710","15,64M","0,00%"
"08/12/2021","2.720","2.750","2.760","2.710","15,04M","-1,09%"
"07/12/2021","2.750","2.770","2.800","2.710","21,65M","0,00%"
"06/12/2021","2.750","2.710","2.750","2.690","22,38M","1,48%"
"03/12/2021","2.710","2.740","2.750","2.690","15,29M","-1,09%"
"02/12/2021","2.740","2.600","2.760","2.590","53,40M","5,38%"
"01/12/2021","2.600","2.580","2.650","2.580","19,84M","0,00%"
"30/11/2021","2.600","2.610","2.640","2.580","29,61M","-2,26%"
"29/11/2021","2.660","2.520","2.670","2.520","26,06M","2,31%"
"26/11/2021","2.600","2.690","2.690","2.580","23,08M","-3,70%"
"25/11/2021","2.700","2.690","2.710","2.650","21,73M","1,50%"
"24/11/2021","2.660","2.680","2.690","2.650","15,70M","0,76%"
"23/11/2021","2.640","2.670","2.690","2.620","21,40M","1,54%"
"22/11/2021","2.600","2.620","2.630","2.560","17,14M","-0,76%"
"19/11/2021","2.620","2.550","2.620","2.530","29,27M","3,15%"
"18/11/2021","2.540","2.550","2.550","2.510","10,48M","-0,39%"
"17/11/2021","2.550","2.540","2.560","2.520","24,56M","1,59%"
"16/11/2021","2.510","2.510","2.550","2.500","22,81M","0,00%"
"15/11/2021","2.510","2.660","2.660","2.500","58,99M","-5,64%"
"12/11/2021","2.660","2.680","2.700","2.640","13,55M","-0,75%"
"11/11/2021","2.680","2.670","2.680","2.640","9,62M","0,00%"
"10/11/2021","2.680","2.690","2.690","2.650","11,78M","0,00%"
"09/11/2021","2.680","2.720","2.740","2.680","21,99M","0,00%"
"08/11/2021","2.680","2.670","2.700","2.670","17,52M","1,13%"
"05/11/2021","2.650","2.680","2.680","2.630","11,42M","-1,12%"
"04/11/2021","2.680","2.690","2.710","2.650","27,27M","1,52%"
"03/11/2021","2.640","2.640","2.650","2.600","19,19M","1,54%"
"02/11/2021","2.600","2.650","2.670","2.580","45,73M","-2,62%"
"01/11/2021","2.670","2.630","2.720","2.580","51,19M","-0,37%"
"29/10/2021","2.680","2.600","2.690","2.590","35,80M","1,52%"
"28/10/2021","2.640","2.730","2.730","2.610","93,39M","-5,04%"
"27/10/2021","2.780","2.840","2.840","2.760","37,90M","-0,71%"
"26/10/2021","2.800","2.790","2.830","2.750","52,18M","2,19%"
"25/10/2021","2.740","2.830","2.850","2.720","63,61M","2,62%"
"22/10/2021","2.670","2.560","2.690","2.560","46,46M","-1,84%"
"21/10/2021","2.720","2.780","2.780","2.670","83,09M","-3,55%"
"19/10/2021","2.820","2.860","2.860","2.810","34,37M","-1,40%"
"18/10/2021","2.860","2.810","2.880","2.800","53,08M","1,06%"
"15/10/2021","2.830","2.820","2.870","2.800","39,19M","0,35%"
"14/10/2021","2.820","2.800","2.850","2.790","36,80M","1,08%"
"13/10/2021","2.790","2.830","2.850","2.790","29,50M","-1,41%"
"12/10/2021","2.830","2.880","2.890","2.810","56,68M","-0,35%"
"11/10/2021","2.840","2.810","2.880","2.780","68,44M","2,16%"
"08/10/2021","2.780","2.690","2.790","2.690","62,87M","3,73%"
"07/10/2021","2.680","2.750","2.770","2.660","119,60M","-5,63%"
"06/10/2021","2.840","2.920","2.960","2.810","99,27M","0,00%"
"05/10/2021","2.840","2.950","3.000","2.800","121,69M","-1,73%"
"04/10/2021","2.890","2.780","2.930","2.780","99,05M","6,25%"
"01/10/2021","2.720","2.760","2.810","2.700","84,61M","-1,45%"
"30/09/2021","2.760","2.640","2.790","2.640","81,04M","4,55%"
"29/09/2021","2.640","2.610","2.680","2.600","70,82M","0,38%"
"28/09/2021","2.630","2.500","2.640","2.500","97,94M","6,91%"
"27/09/2021","2.460","2.460","2.510","2.440","28,94M","0,41%"
"24/09/2021","2.450","2.450","2.510","2.440","60,32M","1,24%"
"23/09/2021","2.420","2.390","2.430","2.360","36,16M","2,98%"
"22/09/2021","2.350","2.290","2.370","2.280","26,24M","3,07%"
"21/09/2021","2.280","2.290","2.300","2.230","25,48M","-0,44%"
"20/09/2021","2.290","2.320","2.340","2.270","17,12M","-1,29%"
"17/09/2021","2.320","2.350","2.370","2.300","51,74M","-3,73%"
"16/09/2021","2.410","2.420","2.460","2.380","41,28M","0,00%"
"15/09/2021","2.410","2.360","2.430","2.350","38,50M","1,69%"
"14/09/2021","2.370","2.350","2.380","2.340","31,21M","1,72%"
"13/09/2021","2.330","2.350","2.350","2.310","11,55M","-0,85%"
"10/09/2021","2.350","2.340","2.360","2.310","26,77M","0,43%"
"09/09/2021","2.340","2.300","2.350","2.280","41,08M","1,74%"
"08/09/2021","2.300","2.280","2.310","2.250","28,19M","0,88%"
"07/09/2021","2.280","2.320","2.330","2.270","18,76M","-1,30%"
"06/09/2021","2.310","2.300","2.340","2.290","34,65M","0,87%"
"03/09/2021","2.290","2.200","2.290","2.200","57,38M","4,57%"
"02/09/2021","2.190","2.200","2.220","2.170","33,63M","0,46%"
"01/09/2021","2.180","2.150","2.210","2.150","72,38M","3,32%"
"31/08/2021","2.110","2.110","2.120","2.100","24,03M","0,00%"
"30/08/2021","2.110","2.100","2.120","2.090","17,41M","1,44%"
"27/08/2021","2.080","2.100","2.110","2.080","11,49M","-0,95%"
"26/08/2021","2.100","2.100","2.120","2.080","15,55M","0,48%"
"25/08/2021","2.090","2.090","2.110","2.090","15,41M","0,48%"
"24/08/2021","2.080","2.120","2.140","2.070","35,46M","-0,95%"
"23/08/2021","2.100","2.120","2.130","2.080","53,20M","-0,47%"
"20/08/2021","2.110","2.150","2.170","2.100","39,36M","-1,86%"
"19/08/2021","2.150","2.250","2.270","2.130","43,42M","-4,44%"
"18/08/2021","2.250","2.320","2.320","2.240","34,38M","-3,43%"
"16/08/2021","2.330","2.350","2.370","2.320","18,09M","-0,43%"
"13/08/2021","2.340","2.380","2.390","2.310","29,95M","-1,27%"
"12/08/2021","2.370","2.270","2.380","2.250","53,81M","5,33%"
"10/08/2021","2.250","2.240","2.260","2.210","15,44M","1,81%"
"09/08/2021","2.210","2.240","2.270","2.200","16,67M","-0,45%"
"06/08/2021","2.220","2.210","2.240","2.200","11,30M","1,37%"
"05/08/2021","2.190","2.270","2.290","2.190","23,64M","-3,10%"
"04/08/2021","2.260","2.250","2.270","2.230","15,14M","1,80%"
"03/08/2021","2.220","2.240","2.240","2.210","9,00M","-0,89%"
"02/08/2021","2.240","2.250","2.270","2.210","13,78M","0,45%"
"30/07/2021","2.230","2.230","2.270","2.200","19,34M","-0,45%"
"29/07/2021","2.240","2.220","2.270","2.190","20,43M","1,36%"
"28/07/2021","2.210","2.230","2.240","2.180","13,95M","-0,90%"
"27/07/2021","2.230","2.260","2.270","2.210","11,67M","-0,45%"
"26/07/2021","2.240","2.220","2.270","2.220","17,19M","0,90%"
"23/07/2021","2.220","2.300","2.310","2.220","32,51M","-1,33%"
"22/07/2021","2.250","2.150","2.270","2.140","44,50M","5,63%"
"21/07/2021","2.130","2.140","2.170","2.110","17,24M","-0,47%"
"19/07/2021","2.140","2.140","2.160","2.120","13,53M","0,47%"
"16/07/2021","2.130","2.100","2.170","2.100","27,62M","1,43%"
"15/07/2021","2.100","2.070","2.110","2.070","7,68M","1,45%"
"14/07/2021","2.070","2.080","2.120","2.060","11,27M","-0,48%"
"13/07/2021","2.080","2.120","2.140","2.060","12,72M","-1,89%"
"12/07/2021","2.120","2.150","2.160","2.120","12,70M","-0,47%"
"09/07/2021","2.130","2.090","2.150","2.060","15,22M","2,90%"
"08/07/2021","2.070","2.110","2.120","2.060","11,13M","-1,43%"
"07/07/2021","2.100","2.130","2.130","2.100","13,59M","-2,33%"
"06/07/2021","2.150","2.110","2.170","2.090","24,72M","4,37%"
"05/07/2021","2.060","2.110","2.130","2.040","16,04M","-1,90%"
"02/07/2021","2.100","2.030","2.120","2.020","19,54M","4,48%"
"01/07/2021","2.010","2.030","2.050","2.000","11,93M","0,50%"
"30/06/2021","2.000","2.000","2.030","1.995","18,16M","0,00%"
"29/06/2021","2.000","2.000","2.030","1.995","13,40M","-0,50%"
"28/06/2021","2.010","2.050","2.070","2.010","12,39M","-0,99%"
"25/06/2021","2.030","2.040","2.070","2.020","18,52M","0,00%"
"24/06/2021","2.030","2.050","2.070","2.020","14,16M","-0,98%"
"23/06/2021","2.050","2.110","2.120","2.050","16,55M","-2,38%"
"22/06/2021","2.100","2.100","2.120","2.080","13,64M","0,96%"
"21/06/2021","2.080","2.100","2.100","2.050","22,93M","-1,89%"
"18/06/2021","2.120","2.180","2.210","2.110","37,71M","-3,64%"
"17/06/2021","2.200","2.230","2.250","2.200","21,77M","-2,65%"
"16/06/2021","2.260","2.220","2.280","2.190","30,76M","0,89%"
"15/06/2021","2.240","2.290","2.290","2.220","14,85M","-2,18%"
"14/06/2021","2.290","2.300","2.330","2.260","21,72M","0,00%"
"11/06/2021","2.290","2.230","2.340","2.190","76,61M","4,09%"
"10/06/2021","2.200","2.240","2.250","2.200","22,82M","-0,90%"
"09/06/2021","2.220","2.200","2.240","2.190","21,12M","1,37%"
"08/06/2021","2.190","2.260","2.280","2.190","30,09M","-1,35%"
"07/06/2021","2.220","2.280","2.280","2.220","18,21M","-2,63%"
"04/06/2021","2.280","2.300","2.320","2.280","12,60M","-1,72%"
"03/06/2021","2.320","2.350","2.350","2.300","22,03M","-1,28%"
"02/06/2021","2.350","2.240","2.370","2.230","64,94M","6,33%"
"31/05/2021","2.210","2.190","2.240","2.190","11,33M","0,91%"
"28/05/2021","2.190","2.190","2.210","2.170","10,98M","0,46%"
"27/05/2021","2.180","2.190","2.220","2.180","18,09M","-0,46%"
"25/05/2021","2.190","2.150","2.210","2.130","16,11M","3,30%"
"24/05/2021","2.120","2.190","2.200","2.120","11,10M","-1,40%"
"21/05/2021","2.150","2.190","2.210","2.140","18,40M","-0,46%"
"20/05/2021","2.160","2.230","2.240","2.150","28,55M","-3,14%"
"19/05/2021","2.230","2.270","2.280","2.220","17,10M","-1,33%"
"18/05/2021","2.260","2.270","2.280","2.230","12,95M","0,00%"
"17/05/2021","2.260","2.320","2.330","2.250","20,75M","-0,88%"
"11/05/2021","2.280","2.280","2.330","2.260","24,42M","0,00%"
"10/05/2021","2.280","2.290","2.300","2.250","18,40M","0,00%"
"07/05/2021","2.280","2.300","2.320","2.280","11,63M","-0,44%"
"06/05/2021","2.290","2.300","2.330","2.290","13,02M","0,00%"
"05/05/2021","2.290","2.300","2.300","2.270","9,69M","-0,43%"
"04/05/2021","2.300","2.280","2.310","2.270","19,08M","0,88%"
"03/05/2021","2.280","2.350","2.370","2.280","30,77M","-3,80%"
"30/04/2021","2.370","2.420","2.430","2.360","28,34M","-2,07%"
"29/04/2021","2.420","2.420","2.440","2.400","10,66M","0,83%"
"28/04/2021","2.400","2.400","2.410","2.380","6,04M","0,42%"
"27/04/2021","2.390","2.420","2.420","2.370","8,82M","0,00%"
"26/04/2021","2.390","2.380","2.440","2.370","12,50M","0,00%"
"23/04/2021","2.390","2.360","2.410","2.350","11,05M","1,27%"
"22/04/2021","2.360","2.390","2.410","2.340","13,29M","-1,26%"
"21/04/2021","2.390","2.400","2.410","2.380","10,38M","-1,24%"
"20/04/2021","2.420","2.420","2.440","2.390","10,85M","0,00%"
"19/04/2021","2.420","2.390","2.450","2.380","26,40M","1,68%"
"16/04/2021","2.380","2.380","2.420","2.370","20,70M","0,42%"
"15/04/2021","2.370","2.430","2.440","2.360","19,32M","-2,07%"
"14/04/2021","2.420","2.400","2.430","2.390","29,52M","-1,63%"
"13/04/2021","2.460","2.460","2.490","2.430","27,95M","0,00%"
"12/04/2021","2.460","2.550","2.560","2.440","30,61M","-3,15%"
"09/04/2021","2.540","2.540","2.560","2.530","12,62M","0,00%"
"08/04/2021","2.540","2.520","2.550","2.510","18,12M","0,79%"
"07/04/2021","2.520","2.540","2.560","2.500","22,05M","0,00%"
"06/04/2021","2.520","2.530","2.540","2.440","48,21M","-0,79%"
"05/04/2021","2.540","2.680","2.720","2.520","72,62M","-4,15%"
"01/04/2021","2.650","2.650","2.670","2.620","17,05M","1,15%"
"31/03/2021","2.620","2.620","2.650","2.590","24,38M","-0,38%"
"30/03/2021","2.630","2.680","2.690","2.620","29,09M","-1,87%"
"29/03/2021","2.680","2.700","2.720","2.680","14,44M","-0,74%"
"26/03/2021","2.700","2.700","2.720","2.660","23,70M","0,37%"
"25/03/2021","2.690","2.740","2.750","2.660","32,47M","-1,82%"
"24/03/2021","2.740","2.780","2.780","2.730","28,61M","-2,14%"
"23/03/2021","2.800","2.830","2.840","2.770","39,69M","1,08%"
"22/03/2021","2.770","2.800","2.870","2.760","63,61M","0,36%"
"19/03/2021","2.760","2.750","2.780","2.720","50,49M","0,36%"
"18/03/2021","2.750","2.740","2.770","2.730","42,70M","1,48%"
"17/03/2021","2.710","2.720","2.740","2.690","17,42M","0,00%"
"16/03/2021","2.710","2.750","2.760","2.700","20,08M","-1,09%"
"15/03/2021","2.740","2.750","2.780","2.720","27,69M","0,37%"
"12/03/2021","2.730","2.650","2.740","2.630","45,09M","5,00%"
"10/03/2021","2.600","2.650","2.650","2.580","16,14M","-0,38%"
"09/03/2021","2.610","2.680","2.700","2.580","28,53M","-2,61%"
"08/03/2021","2.680","2.730","2.740","2.680","18,34M","-1,11%"
"05/03/2021","2.710","2.680","2.710","2.670","19,29M","0,00%"
"04/03/2021","2.710","2.710","2.750","2.660","42,97M","0,00%"
"03/03/2021","2.710","2.760","2.760","2.700","22,09M","-0,73%"
"02/03/2021","2.730","2.750","2.790","2.730","42,72M","0,37%"
"01/03/2021","2.720","2.740","2.750","2.690","23,53M","0,37%"
"26/02/2021","2.710","2.630","2.710","2.600","36,35M","1,12%"
"25/02/2021","2.680","2.680","2.710","2.660","37,52M","1,90%"
"24/02/2021","2.630","2.720","2.730","2.620","53,69M","-3,31%"
"23/02/2021","2.720","2.750","2.760","2.700","48,06M","-0,73%"
"22/02/2021","2.740","2.580","2.750","2.570","117,07M","7,45%"
"19/02/2021","2.550","2.560","2.570","2.530","10,73M","-0,39%"
"18/02/2021","2.560","2.530","2.600","2.530","22,07M","0,00%"
"17/02/2021","2.560","2.610","2.630","2.550","42,56M","-1,54%"
"16/02/2021","2.600","2.600","2.630","2.570","26,52M","0,00%"
"15/02/2021","2.600","2.600","2.620","2.570","18,71M","0,39%"
"11/02/2021","2.590","2.560","2.610","2.540","19,69M","1,57%"
"10/02/2021","2.550","2.610","2.610","2.530","19,88M","-1,54%"
"09/02/2021","2.590","2.650","2.650","2.550","38,76M","-0,77%"
"08/02/2021","2.610","2.610","2.640","2.580","37,96M","1,95%"
"05/02/2021","2.560","2.520","2.590","2.490","72,47M","3,23%"
"04/02/2021","2.480","2.410","2.520","2.400","79,73M","2,90%"
"03/02/2021","2.410","2.490","2.500","2.400","87,97M","-3,21%"
"02/02/2021","2.490","2.620","2.650","2.450","80,88M","-4,60%"
"01/02/2021","2.610","2.590","2.630","2.440","70,79M","1,16%"
"29/01/2021","2.580","2.650","2.700","2.480","108,40M","-0,39%"
"28/01/2021","2.590","2.670","2.760","2.560","107,80M","-3,36%"
"27/01/2021","2.680","2.820","2.850","2.650","138,98M","-2,90%"
"26/01/2021","2.760","2.700","2.780","2.600","78,35M","2,22%"
"25/01/2021","2.700","2.770","2.770","2.620","41,12M","-2,53%"
"22/01/2021","2.770","2.860","2.870","2.720","39,29M","-3,15%"
"21/01/2021","2.860","2.900","2.930","2.840","29,80M","-0,69%"
"20/01/2021","2.880","2.840","2.900","2.800","38,65M","1,05%"
"19/01/2021","2.850","2.960","2.980","2.760","66,70M","-3,39%"
"18/01/2021","2.950","2.940","3.020","2.860","62,28M","0,34%"
"15/01/2021","2.940","2.980","3.010","2.920","57,65M","-2,00%"
"14/01/2021","3.000","3.080","3.100","3.000","97,45M","-1,32%"
"13/01/2021","3.040","2.980","3.060","2.900","162,58M","6,29%"
"12/01/2021","2.860","2.910","2.930","2.840","51,91M","-1,72%"
"11/01/2021","2.910","2.930","2.960","2.870","86,41M","2,11%"
"08/01/2021","2.850","2.900","3.000","2.830","107,13M","1,06%"
"07/01/2021","2.820","2.670","2.840","2.620","108,30M","5,22%"
"06/01/2021","2.680","2.770","2.770","2.630","64,68M","-3,25%"
"05/01/2021","2.770","2.790","2.860","2.760","46,04M","-0,72%"
"04/01/2021","2.790","2.810","2.830","2.640","76,88M","-0,71%"
"30/12/2020","2.810","2.850","2.880","2.790","47,65M","-2,77%"
"29/12/2020","2.890","2.890","2.940","2.840","64,32M","1,40%"
"28/12/2020","2.850","2.900","2.900","2.830","52,18M","1,06%"
"23/12/2020","2.820","2.880","2.970","2.700","81,61M","-2,08%"
"22/12/2020","2.880","3.020","3.030","2.850","75,29M","-5,26%"
"21/12/2020","3.040","2.980","3.080","2.920","85,69M","2,01%"
"18/12/2020","2.980","3.040","3.050","2.950","72,49M","-1,97%"
"17/12/2020","3.040","3.170","3.180","3.000","85,60M","-4,10%"
"16/12/2020","3.170","3.100","3.180","3.100","57,83M","3,26%"
"15/12/2020","3.070","3.060","3.090","2.970","92,61M","0,66%"
"14/12/2020","3.050","2.870","3.050","2.870","106,22M","8,54%"
"11/12/2020","2.810","2.820","2.850","2.780","59,38M","0,36%"
"10/12/2020","2.800","2.850","2.870","2.750","107,89M","-0,71%"
"08/12/2020","2.820","2.750","2.850","2.700","139,83M","5,22%"
"07/12/2020","2.680","2.530","2.700","2.530","156,85M","8,06%"
"04/12/2020","2.480","2.470","2.500","2.430","64,01M","1,64%"
"03/12/2020","2.440","2.490","2.510","2.440","61,77M","-0,41%"
"02/12/2020","2.450","2.450","2.470","2.420","64,01M","0,82%"
"01/12/2020","2.430","2.400","2.480","2.320","91,18M","2,97%"
"30/11/2020","2.360","2.440","2.530","2.310","192,85M","-2,07%"
"27/11/2020","2.410","2.380","2.420","2.360","61,25M","2,12%"
"26/11/2020","2.360","2.310","2.360","2.310","99,51M","3,51%"
"25/11/2020","2.280","2.320","2.350","2.250","102,63M","0,00%"
"24/11/2020","2.280","2.310","2.340","2.280","88,38M","0,00%"
"23/11/2020","2.280","2.230","2.280","2.220","77,90M","4,11%"
"20/11/2020","2.190","2.240","2.260","2.180","72,91M","-1,79%"
"19/11/2020","2.230","2.110","2.240","2.100","132,67M","5,69%"
"18/11/2020","2.110","2.130","2.140","2.110","27,68M","0,00%"
"17/11/2020","2.110","2.140","2.160","2.110","53,82M","-0,94%"
"16/11/2020","2.130","2.060","2.150","2.050","61,57M","4,41%"
"13/11/2020","2.040","2.030","2.050","2.020","17,44M","0,00%"
"12/11/2020","2.040","2.080","2.080","2.040","24,82M","-1,45%"
"11/11/2020","2.070","2.040","2.100","2.020","65,78M","2,48%"
"10/11/2020","2.020","2.050","2.050","2.010","20,92M","0,50%"
"09/11/2020","2.010","2.010","2.040","2.000","29,26M","1,01%"
"06/11/2020","1.990","1.985","2.010","1.985","35,43M","1,02%"
"05/11/2020","1.970","1.950","1.975","1.945","14,74M","1,81%"
"04/11/2020","1.935","1.955","1.965","1.935","16,67M","-0,77%"
"03/11/2020","1.950","1.950","1.965","1.950","9,39M","0,52%"
"02/11/2020","1.940","1.960","1.970","1.940","18,16M","-1,02%"
"27/10/2020","1.960","1.970","1.985","1.960","11,58M","-0,51%"
"26/10/2020","1.970","1.965","1.990","1.965","19,05M","0,51%"
"23/10/2020","1.960","1.970","1.980","1.955","22,85M","-0,25%"
"22/10/2020","1.965","2.000","2.000","1.960","71,86M","-1,75%"
"21/10/2020","2.000","2.010","2.040","2.000","13,26M","-0,50%"
"20/10/2020","2.010","2.050","2.060","2.000","18,31M","-1,95%"
"19/10/2020","2.050","2.070","2.080","2.040","15,47M","0,00%"
"16/10/2020","2.050","2.010","2.060","1.995","26,07M","1,99%"
"15/10/2020","2.010","2.060","2.070","2.010","19,49M","-1,95%"
"14/10/2020","2.050","2.020","2.070","2.000","28,14M","0,99%"
"13/10/2020","2.030","2.020","2.030","1.985","14,39M","0,50%"
"12/10/2020","2.020","1.985","2.020","1.980","15,39M","1,76%"
"09/10/2020","1.985","1.990","2.010","1.980","11,39M","-0,25%"
"08/10/2020","1.990","1.975","2.040","1.965","30,62M","1,27%"
"07/10/2020","1.965","1.970","1.985","1.960","18,22M","-0,25%"
"06/10/2020","1.970","1.965","1.975","1.960","6,50M","1,03%"
"05/10/2020","1.950","1.970","1.990","1.950","11,71M","-1,02%"
"02/10/2020","1.970","2.010","2.010","1.950","9,28M","-1,50%"
"01/10/2020","2.000","1.980","2.020","1.970","9,18M","1,52%"
"30/09/2020","1.970","1.985","1.990","1.940","11,32M","-0,76%"
"29/09/2020","1.985","1.990","2.010","1.970","17,34M","0,76%"
"28/09/2020","1.970","1.995","2.010","1.965","5,44M","-1,01%"
"25/09/2020","1.990","1.970","1.995","1.945","11,71M","2,05%"
"24/09/2020","1.950","1.970","1.980","1.940","11,91M","-1,52%"
"23/09/2020","1.980","2.010","2.030","1.970","12,88M","-1,00%"
"22/09/2020","2.000","1.990","2.010","1.975","17,24M","0,00%"
"21/09/2020","2.000","2.020","2.040","2.000","15,42M","0,00%"
"18/09/2020","2.000","2.020","2.040","2.000","18,69M","-0,50%"
"17/09/2020","2.010","2.060","2.070","2.000","15,86M","-1,47%"
"16/09/2020","2.040","2.060","2.070","2.030","13,86M","-0,49%"
"15/09/2020","2.050","2.070","2.070","2.030","28,75M","0,00%"
"14/09/2020","2.050","2.000","2.050","2.000","26,70M","4,06%"
"11/09/2020","1.970","1.845","1.975","1.810","46,75M","3,68%"
"10/09/2020","1.900","2.020","2.020","1.900","68,27M","-6,86%"
"09/09/2020","2.040","2.060","2.080","2.020","27,29M","-1,92%"
"08/09/2020","2.080","2.110","2.130","2.080","19,03M","-1,42%"
"07/09/2020","2.110","2.100","2.130","2.070","17,18M","0,48%"
"04/09/2020","2.100","2.130","2.130","2.070","18,68M","-1,87%"
"03/09/2020","2.140","2.160","2.170","2.120","25,35M","-0,47%"
"02/09/2020","2.150","2.120","2.160","2.090","43,37M","2,38%"
"01/09/2020","2.100","2.050","2.110","2.020","34,66M","2,94%"
"31/08/2020","2.040","2.150","2.150","2.030","63,04M","-4,23%"
"28/08/2020","2.130","2.130","2.160","2.120","26,92M","0,00%"
"27/08/2020","2.130","2.140","2.160","2.110","26,38M","0,00%"
"26/08/2020","2.130","2.130","2.170","2.100","45,94M","0,47%"
"25/08/2020","2.120","2.100","2.120","2.100","26,82M","0,95%"
"24/08/2020","2.100","2.090","2.120","2.070","26,48M","-0,47%"
"19/08/2020","2.110","2.080","2.130","2.070","55,75M","1,44%"
"18/08/2020","2.080","2.060","2.080","2.060","19,99M","0,97%"
"14/08/2020","2.060","2.080","2.080","2.050","17,21M","-0,48%"
"13/08/2020","2.070","2.050","2.080","2.050","12,77M","0,49%"
"12/08/2020","2.060","2.100","2.100","2.050","36,48M","-1,90%"
"11/08/2020","2.100","2.130","2.140","2.080","37,99M","-0,94%"
"10/08/2020","2.120","2.050","2.120","2.040","69,70M","3,41%"
"07/08/2020","2.050","2.090","2.090","2.020","26,82M","-1,44%"
"06/08/2020","2.080","2.060","2.080","2.040","38,59M","1,96%"
"05/08/2020","2.040","2.010","2.050","1.995","30,48M","1,49%"
"04/08/2020","2.010","2.000","2.020","1.975","53,87M","1,77%"
"03/08/2020","1.975","2.030","2.040","1.895","77,53M","-2,71%"
"30/07/2020","2.030","2.080","2.090","2.020","46,69M","-1,93%"
"29/07/2020","2.070","2.080","2.090","2.050","14,71M","-0,48%"
"28/07/2020","2.080","2.090","2.110","2.050","30,86M","0,00%"
"27/07/2020","2.080","2.080","2.110","2.070","23,22M","0,48%"
"24/07/2020","2.070","2.100","2.120","2.070","31,70M","-1,90%"
"23/07/2020","2.110","2.110","2.140","2.090","32,35M","1,44%"
"22/07/2020","2.080","2.130","2.140","2.080","31,88M","-1,42%"
"21/07/2020","2.110","2.080","2.130","2.080","29,40M","1,44%"
"20/07/2020","2.080","2.160","2.160","2.080","44,07M","-2,80%"
"17/07/2020","2.140","2.140","2.170","2.110","59,44M","0,94%"
"16/07/2020","2.120","2.170","2.180","2.120","31,99M","-1,40%"
"15/07/2020","2.150","2.190","2.190","2.130","51,53M","0,47%"
"14/07/2020","2.140","2.180","2.200","2.140","111,29M","-1,38%"
"13/07/2020","2.170","2.080","2.170","2.070","142,14M","4,83%"
"10/07/2020","2.070","2.100","2.130","2.060","53,63M","-1,43%"
"09/07/2020","2.100","2.080","2.170","2.060","129,80M","0,96%"
"08/07/2020","2.080","2.050","2.100","2.040","57,91M","1,46%"
"07/07/2020","2.050","2.080","2.090","2.050","30,74M","-0,97%"
"06/07/2020","2.070","2.060","2.070","2.040","33,93M","0,98%"
"03/07/2020","2.050","2.100","2.100","2.050","31,70M","-0,97%"
"02/07/2020","2.070","2.110","2.120","2.060","80,13M","-0,96%"
"01/07/2020","2.090","2.020","2.090","1.995","82,57M","3,47%"
"30/06/2020","2.020","2.050","2.070","2.000","51,45M","-0,49%"
"29/06/2020","2.030","2.050","2.080","2.010","63,58M","-1,46%"
"26/06/2020","2.060","2.100","2.110","2.050","48,37M","0,00%"
"25/06/2020","2.060","2.080","2.120","2.050","79,58M","-2,83%"
"24/06/2020","2.120","2.100","2.160","2.090","108,00M","1,92%"
"23/06/2020","2.080","2.090","2.160","2.030","156,00M","-2,35%"
"22/06/2020","2.130","2.140","2.200","2.130","207,94M","-6,58%"
"19/06/2020","2.280","2.280","2.280","2.280","109,43M","-6,94%"
"18/06/2020","2.450","2.500","2.510","2.430","216,20M","-0,81%"
"17/06/2020","2.470","2.480","2.490","2.420","115,86M","1,23%"
"16/06/2020","2.440","2.420","2.480","2.420","99,98M","3,39%"
"15/06/2020","2.360","2.400","2.480","2.350","132,25M","-1,26%"
"12/06/2020","2.390","2.160","2.410","2.150","161,45M","4,82%"
"11/06/2020","2.280","2.350","2.380","2.250","115,57M","-3,80%"
"10/06/2020","2.370","2.380","2.480","2.280","269,83M","-0,84%"
"09/06/2020","2.390","2.320","2.400","2.310","119,44M","3,91%"
"08/06/2020","2.300","2.250","2.320","2.250","93,90M","4,07%"
"05/06/2020","2.210","2.200","2.250","2.160","66,64M","1,38%"
"04/06/2020","2.180","2.140","2.300","2.130","132,20M","3,32%"
"03/06/2020","2.110","2.100","2.140","2.050","87,87M","1,44%"
"02/06/2020","2.080","1.975","2.100","1.970","125,56M","6,94%"
"29/05/2020","1.945","2.090","2.090","1.945","364,48M","-6,94%"
"28/05/2020","2.090","2.120","2.140","2.070","46,17M","0,00%"
"27/05/2020","2.090","2.070","2.110","2.020","41,04M","2,45%"
"26/05/2020","2.040","1.945","2.060","1.930","51,28M","6,25%"
"20/05/2020","1.920","1.920","1.935","1.890","24,25M","0,26%"
"19/05/2020","1.915","1.935","1.985","1.910","45,28M","0,79%"
"18/05/2020","1.900","1.830","1.910","1.805","45,96M","4,68%"
"15/05/2020","1.815","1.880","1.940","1.800","30,77M","-2,68%"
"14/05/2020","1.865","1.870","1.950","1.855","37,83M","-2,10%"
"13/05/2020","1.905","1.940","1.975","1.860","58,25M","-4,27%"
"12/05/2020","1.990","2.100","2.100","1.980","26,41M","-2,93%"
"11/05/2020","2.050","2.080","2.160","2.030","38,34M","-0,49%"
"08/05/2020","2.060","1.915","2.080","1.895","86,02M","8,71%"
"06/05/2020","1.895","1.825","1.910","1.820","58,60M","4,41%"
"05/05/2020","1.815","1.850","1.865","1.780","35,22M","0,00%"
"04/05/2020","1.815","1.870","1.870","1.790","11,94M","-3,20%"
"30/04/2020","1.875","1.815","1.890","1.815","20,46M","4,75%"
"29/04/2020","1.790","1.795","1.820","1.785","9,91M","0,56%"
"28/04/2020","1.780","1.815","1.845","1.770","17,25M","-2,47%"
"27/04/2020","1.825","1.875","1.890","1.815","16,36M","-1,35%"
"24/04/2020","1.850","1.880","1.960","1.845","28,12M","-2,12%"
"23/04/2020","1.890","1.880","1.925","1.855","25,78M","1,89%"
"22/04/2020","1.855","1.800","1.880","1.775","18,72M","1,64%"
"21/04/2020","1.825","1.925","1.925","1.800","26,39M","-5,68%"
"20/04/2020","1.935","1.990","2.020","1.935","7,32M","-2,27%"
"17/04/2020","1.980","1.920","2.000","1.920","14,02M","3,94%"
"16/04/2020","1.905","1.980","1.990","1.895","15,57M","-2,81%"
"15/04/2020","1.960","2.100","2.120","1.960","19,78M","-5,77%"
"14/04/2020","2.080","2.020","2.100","2.010","15,93M","4,00%"
"13/04/2020","2.000","1.980","2.030","1.955","5,78M","1,01%"
"09/04/2020","1.980","1.995","2.040","1.935","9,65M","-0,75%"
"08/04/2020","1.995","2.100","2.150","1.955","19,04M","-5,00%"
"07/04/2020","2.100","2.250","2.250","2.090","21,59M","-2,78%"
"06/04/2020","2.160","2.100","2.160","2.090","18,67M","2,37%"
"03/04/2020","2.110","2.020","2.130","2.020","25,84M","3,94%"
"02/04/2020","2.030","2.030","2.060","1.950","23,84M","-0,98%"
"01/04/2020","2.050","2.120","2.230","2.040","30,56M","-5,96%"
"31/03/2020","2.180","1.930","2.180","1.900","33,62M","14,74%"
"30/03/2020","1.900","2.040","2.040","1.900","16,82M","-6,86%"
"27/03/2020","2.040","2.090","2.240","1.995","71,89M","0,99%"
"26/03/2020","2.020","1.850","2.120","1.830","41,81M","12,85%"
"24/03/2020","1.790","1.700","1.815","1.700","48,91M","6,87%"
"23/03/2020","1.675","1.790","1.895","1.675","74,79M","-6,94%"
"20/03/2020","1.800","1.485","1.855","1.385","79,84M","21,21%"
"19/03/2020","1.485","1.590","1.590","1.485","2,80M","-6,90%"
"18/03/2020","1.595","1.710","1.710","1.595","29,98M","-6,73%"
"17/03/2020","1.710","1.835","1.850","1.710","23,28M","-6,81%"
"16/03/2020","1.835","1.950","1.950","1.835","19,86M","-6,85%"
"13/03/2020","1.970","1.955","2.070","1.920","62,08M","-4,37%"
"12/03/2020","2.060","2.100","2.190","2.010","23,19M","-6,36%"
"11/03/2020","2.200","2.330","2.350","2.170","24,60M","-4,76%"
"10/03/2020","2.310","2.220","2.320","2.220","23,59M","4,52%"
"09/03/2020","2.210","2.370","2.370","2.210","38,36M","-9,80%"
"06/03/2020","2.450","2.420","2.480","2.420","18,53M","-0,41%"
"05/03/2020","2.460","2.530","2.540","2.460","29,85M","-0,40%"
"04/03/2020","2.470","2.370","2.500","2.350","33,04M","4,22%"
"03/03/2020","2.370","2.250","2.400","2.250","30,48M","7,73%"
"02/03/2020","2.200","2.290","2.290","2.170","39,00M","-1,79%"
"28/02/2020","2.240","2.250","2.290","2.190","42,00M","-2,18%"
"27/02/2020","2.290","2.360","2.420","2.280","26,83M","-2,97%"
"26/02/2020","2.360","2.410","2.450","2.360","26,46M","-2,07%"
"25/02/2020","2.410","2.310","2.430","2.300","23,20M","2,55%"
"24/02/2020","2.350","2.400","2.400","2.320","17,78M","-2,49%"
"21/02/2020","2.410","2.450","2.470","2.380","22,77M","-3,21%"
"20/02/2020","2.490","2.420","2.510","2.410","33,00M","3,75%"
"19/02/2020","2.400","2.380","2.420","2.370","20,16M","0,84%"
"18/02/2020","2.380","2.350","2.380","2.340","17,42M","1,71%"
"17/02/2020","2.340","2.330","2.360","2.310","13,09M","0,43%"
"14/02/2020","2.330","2.280","2.340","2.260","18,47M","2,19%"
"13/02/2020","2.280","2.300","2.300","2.250","11,68M","0,00%"
"12/02/2020","2.280","2.330","2.350","2.260","16,22M","-1,30%"
"11/02/2020","2.310","2.260","2.320","2.230","13,94M","2,67%"
"10/02/2020","2.250","2.300","2.310","2.250","13,93M","-3,02%"
"07/02/2020","2.320","2.270","2.340","2.260","11,74M","1,31%"
"06/02/2020","2.290","2.360","2.360","2.280","15,30M","-1,29%"
"05/02/2020","2.320","2.280","2.340","2.280","32,48M","4,04%"
"04/02/2020","2.230","2.190","2.240","2.170","21,09M","2,76%"
"03/02/2020","2.170","2.180","2.220","2.160","35,17M","-1,81%"
"31/01/2020","2.210","2.260","2.270","2.200","17,94M","-1,34%"
"30/01/2020","2.240","2.310","2.330","2.240","30,62M","-3,86%"
"29/01/2020","2.330","2.360","2.400","2.320","31,02M","0,00%"
"28/01/2020","2.330","2.230","2.340","2.200","48,61M","4,02%"
"27/01/2020","2.240","2.340","2.340","2.240","39,27M","-5,49%"
"24/01/2020","2.370","2.410","2.420","2.350","25,34M","-1,66%"
"23/01/2020","2.410","2.460","2.470","2.390","35,68M","-2,82%"
"22/01/2020","2.480","2.560","2.570","2.470","27,98M","-3,13%"
"21/01/2020","2.560","2.560","2.610","2.540","20,62M","-1,16%"
"20/01/2020","2.590","2.660","2.680","2.580","21,20M","-3,00%"
"17/01/2020","2.670","2.690","2.710","2.660","9,79M","-0,37%"
"16/01/2020","2.680","2.700","2.740","2.650","23,36M","-0,37%"
"15/01/2020","2.690","2.780","2.790","2.690","27,00M","-3,58%"
"14/01/2020","2.790","2.850","2.870","2.780","28,14M","-1,41%"
"13/01/2020","2.830","2.810","2.850","2.810","44,45M","1,80%"
"10/01/2020","2.780","2.690","2.800","2.690","52,61M","4,12%"
"09/01/2020","2.670","2.670","2.690","2.650","10,70M","0,00%"
"08/01/2020","2.670","2.700","2.700","2.640","15,61M","-1,48%"
"07/01/2020","2.710","2.730","2.740","2.640","22,95M","-0,73%"
"06/01/2020","2.730","2.650","2.740","2.630","26,77M","2,25%"
"03/01/2020","2.670","2.610","2.670","2.600","13,48M","1,52%"
"02/01/2020","2.630","2.640","2.680","2.600","8,09M","-1,13%"